T_in_K,P_in_bar,flow_mol_s,h2_co2_ratio,water_permeance,co2_conversion,meoh_yield,meoh_selectivity,h2o_removal_fraction,h2_loss_fraction,co_formation_fraction,outlet_temperature,max_temperature,outlet_pressure,pressure_drop_bar,carbon_balance_error,hydrogen_balance_error,oxygen_balance_error,solver_success,solver_message,is_physically_valid,validation_message
489.58611384301366,38.7152015208646,0.020174088499742605,3.074163592075248,6.509617814191125e-08,0.023278206153399608,0.021491315741102145,0.923237624045326,0.4176573951262002,0.0015588068585573388,0.0017868904122976836,490.3536548214803,492.2417456992875,38.7152015208646,0.0,0.0,4.558351531833173e-16,1.751639789880247e-16,True,Convergence achieved,True,PASSED
480.58203707957097,57.23188052987794,0.021160482074520634,2.6148818814127734,1.6482072204625595e-07,0.018020631601595515,0.016023008187062877,0.8891479800099705,0.7325749866960752,0.005573941809337935,0.0019976234145330724,481.61507939540616,482.06723774275235,57.23188052987794,0.0,4.445187335869335e-16,1.1333048138724289e-16,4.445187335869335e-16,True,Convergence achieved,True,PASSED
517.376097485364,49.703145610888186,0.02644725285835063,3.1007417697199204,1.673189318104426e-07,0.2034966579457496,0.18696790675166042,0.9187763014835566,0.7652884380732127,0.0037250623187303628,0.016528751194089388,524.8453620726315,544.818321154849,49.703145610888186,0.0,2.6897512021199254e-16,5.204724679210319e-16,2.6897512021199254e-16,True,Convergence achieved,True,PASSED
494.9405164566985,37.43168976659389,0.024710553762691535,2.634078314707765,1.719633382702166e-07,0.03539322582452527,0.03322478056144785,0.9387327599403179,0.617915241981179,0.0032369534597157987,0.0021684452630777525,497.18873302283197,498.982858526975,37.43168976659389,0.0,3.8267784445081154e-16,3.874122671945106e-16,2.5511856296720766e-16,True,Convergence achieved,True,PASSED
476.4942836037754,56.380021279035866,0.02052411190784579,3.7300224489883202,1.5742426113629167e-07,0.017179692253270668,0.015383253194056631,0.8954324074768457,0.7248868796301755,0.0054182885145512266,0.0017964390592130999,477.23146801698294,477.5969440187696,56.380021279035866,0.0,7.995747656219611e-16,4.2872383561060156e-16,9.994684570274513e-16,True,Convergence achieved,True,PASSED
499.916210739532,36.54815465262359,0.012028476712423544,3.7380224329026794,1.0736561103285293e-07,0.07421128082939528,0.0689801761270931,0.9295106533152652,0.6815922826014499,0.004043842278736567,0.00523110470230141,501.67803486760783,505.1077152032591,36.54815465262359,0.0,8.541354550293881e-16,0.0,8.541354550293881e-16,True,Convergence achieved,True,PASSED
473.13003675038885,30.316923970363284,0.01491639186490933,3.3452194932821158,1.6615573360223665e-07,0.014310856551453555,0.013506762318159539,0.9438122917099359,0.6702142683771083,0.004230556453726346,0.0008040942332940251,473.63838028912204,474.1573670825265,30.316923970363284,0.0,0.0,6.042456928848622e-16,0.0,True,Convergence achieved,True,PASSED
465.6409705288102,69.32754181554412,0.02328463595461277,3.4912989946455095,2.3411193036735788e-07,0.010090530758466483,0.008862233303485637,0.8782722649202115,0.8108075689508605,0.008742334563589593,0.001228297454981096,466.1955182048986,466.2239201998276,69.32754181554412,0.0,3.3460526584265283e-16,1.9167952464445233e-16,1.6730263292132641e-16,True,Convergence achieved,True,PASSED
487.52726770030614,66.21784910417163,0.012514664353286147,3.1037490111368014,1.5452823362497997e-07,0.04670746476992298,0.040466725434419364,0.8663866821664397,0.8402550240691257,0.010188703910937466,0.006240739335503538,489.0230133332575,489.67396211998175,66.21784910417163,0.0,0.0,1.832758517521088e-16,0.0,True,Convergence achieved,True,PASSED
465.1365501744419,52.273879631574374,0.02172300069229406,2.5507074699022687,1.527561031734585e-07,0.006399327934302001,0.005706200557958192,0.8916874735191015,0.6874174395622545,0.00460954828657978,0.000693127376344067,465.5039282380741,465.7114623636006,52.273879631574374,0.0,2.8354718077925e-16,0.0,1.41773590389625e-16,True,Convergence achieved,True,PASSED
491.1815251063881,39.0823796532946,0.019567144167027886,3.314913370120404,1.415202851894218e-07,0.034570513288232504,0.032194988668283145,0.931284658687524,0.6358096252344926,0.003524692224912815,0.0023755246199483175,492.63841381142976,494.1813547836186,39.0823796532946,0.0,1.1476148163563637e-15,5.769958810490624e-16,1.1476148163563637e-15,True,Convergence achieved,True,PASSED
490.4566237650792,38.362468031543024,0.02809514483709738,3.366311186149544,1.3247377838435471e-07,0.026261393490032495,0.024647833897309634,0.9385577313962555,0.5153267597619599,0.0022584035318936662,0.001613559592723224,491.9117916018938,493.3144862155618,38.362468031543024,0.0,4.0439420557991436e-16,3.203460668312675e-16,2.6959613705327624e-16,True,Convergence achieved,True,PASSED
470.0582489435143,53.493781154497874,0.024664054910512455,3.796505934645415,1.8926124015032134e-07,0.010947418898545029,0.009928797777240837,0.9069533073737247,0.7118172230634061,0.005148293434049556,0.0010186211213039772,470.6305021523086,470.8185741123013,53.493781154497874,0.0,3.3735780583042e-16,3.5544030394034243e-16,1.6867890291521e-16,True,Convergence achieved,True,PASSED
506.90894359420486,50.651066325609285,0.011298957309505524,2.9495220885116016,1.6331062880546274e-07,0.14953751401352386,0.13558582423288715,0.906701071816833,0.8424439577383313,0.008916931087076639,0.013951689780637117,511.5849923891035,515.4303310949365,50.651066325609285,0.0,4.547761685982858e-16,2.0558185584014465e-16,3.031841123988572e-16,True,Convergence achieved,True,PASSED
472.46942998176723,63.58449527723558,0.018416332920905318,2.524645393654235,1.3869811246886182e-07,0.01146793290230823,0.009882752517693688,0.8617727886866676,0.7454317891351293,0.005997247790479423,0.0015851803846144664,473.0208759973029,473.3315481816328,63.58449527723558,0.0,1.6600169901155726e-16,3.945148877433807e-16,0.0,True,Convergence achieved,True,PASSED
521.7786949519746,60.64475893537467,0.013802962307334762,2.74267939091821,1.1032397458948468e-07,0.28578009134470134,0.24723501659150754,0.8651233031250534,0.8485476040840747,0.005552704736351802,0.03854507475319385,529.062356797724,564.9578038656714,60.64475893537467,0.0,0.0,3.4300111518992147e-16,0.0,True,Convergence achieved,True,PASSED
482.1972393537144,38.14810677195217,0.018151937933793123,3.3515397946488634,9.577885022009753e-08,0.018540602209375586,0.017143414992153296,0.9246417564303493,0.5417786466073065,0.002518166182255612,0.0013971872172221173,482.8265088760017,483.87957077375023,38.14810677195217,0.0,2.0793146896925449e-16,1.240811577420278e-16,2.0793146896925449e-16,True,Convergence achieved,True,PASSED
481.57648433722466,47.003366322796055,0.013943209608669719,2.8134827793304353,1.3810267035685686e-07,0.023535881044397577,0.021213141111910968,0.9013106869419756,0.7430347537840527,0.005816515885638885,0.0023227399324870146,482.4460084914469,483.187416437571,47.003366322796055,0.0,3.558365481229184e-16,1.6863395586287158e-16,3.558365481229184e-16,True,Convergence achieved,True,PASSED
495.55664744909967,62.64975751713677,0.021278808062902794,3.0580964481853017,1.2538838085538272e-07,0.04313874923032315,0.03797253967048568,0.8802420178606758,0.7002243997688369,0.0045938723887552785,0.0051662095598378754,497.55269858254115,499.0820525790355,62.64975751713677,0.0,3.3083033390004685e-16,4.3272714187463146e-16,3.3083033390004685e-16,True,Convergence achieved,True,PASSED
496.19723565481985,36.6067382288049,0.02091297662170734,3.9639377297187606,2.464945070309113e-07,0.06352094037046123,0.06024078338987186,0.9483610135262656,0.7342242951000734,0.005369565482450288,0.0032801569805891305,499.1731342405195,500.512688070019,36.6067382288049,0.0,2.0587837563238137e-16,0.0,2.0587837563238137e-16,True,Convergence achieved,True,PASSED
507.8337030421326,53.82569846292783,0.012801087285339902,3.68790372019445,1.0360099117234281e-07,0.12397704699179918,0.11091503619367778,0.8946417009030246,0.7544755138431881,0.0053582302549272836,0.013062010798121786,510.9329852554925,515.9855720825519,53.82569846292783,0.0,4.764565963385112e-16,6.890369271909145e-16,3.1763773089234075e-16,True,Convergence achieved,True,PASSED
484.85689509890545,56.88687858800887,0.024731392303545995,3.9132985289285966,2.0780461245465504e-07,0.0291689646131905,0.02651883703763378,0.9091456412423186,0.7464980142397402,0.0059801360341868596,0.0026501275755569436,486.4129110595134,486.7638821758804,56.88687858800887,0.0,1.7231569897083162e-16,8.806672820742307e-16,0.0,True,Convergence achieved,True,PASSED
478.4073429026639,64.41545666579562,0.0198639770723432,2.774370236795062,1.2223687077795271e-07,0.015438704423041327,0.013320934111120895,0.862827200139976,0.7072343688447477,0.004961120687435654,0.0021177703119198313,479.11635762656124,479.62317909461854,64.41545666579562,0.0,6.592324017442272e-16,3.5642272595839745e-16,4.944243013081704e-16,True,Convergence achieved,True,PASSED
478.0349937008634,45.81303277713681,0.021116998498908277,3.545373692109254,1.3352487622074047e-07,0.01580689566328943,0.01445420191084975,0.914423819752213,0.6335424440946551,0.0036284840850518223,0.0013526937524396155,478.71224727891826,479.2948290511066,45.81303277713681,0.0,0.0,2.1063747432664945e-16,0.0,True,Convergence achieved,True,PASSED
471.48240608670784,48.30831875009178,0.023177855579685748,3.1473541267275644,1.1188290687767814e-07,0.0088788660183906,0.008018441442436715,0.9030929654562238,0.575652407210433,0.0029236383965270717,0.0008604245759537242,471.9004504633608,472.31543957650274,48.30831875009178,0.0,1.5520229086959263e-16,1.972479544663923e-16,1.5520229086959263e-16,True,Convergence achieved,True,PASSED
494.1179870628346,42.080184701806935,0.026011179494942808,2.9046448516637287,2.048360547928153e-07,0.03811986980630451,0.03560344270828749,0.9339864718635291,0.6734982195707502,0.004123707748808071,0.002516427098017095,496.6874174574627,497.88349759136656,42.080184701806935,0.0,1.302032284012721e-16,1.7930347433242174e-16,1.302032284012721e-16,True,Convergence achieved,True,PASSED
520.0633690654937,50.78194687209464,0.020054386651746664,3.678991207033229,8.919634633764242e-08,0.21445703258163176,0.19486244563413235,0.9086316419115745,0.7136941709028214,0.002678917718304786,0.019594586947499666,522.5569711922436,552.1684801233843,50.78194687209464,0.0,2.0236858976743277e-16,4.4005234778611945e-16,2.0236858976743277e-16,True,Convergence achieved,True,PASSED
471.1371048592894,57.18584860982455,0.028477141047002292,3.0666122001199536,1.1067254908686608e-07,0.00774094662790245,0.006865363944938012,0.8868894561539984,0.5619311449137088,0.0027869554482323027,0.0008755826829649796,471.57741725145587,471.921961797712,57.18584860982455,0.0,6.193079248719368e-16,8.078072928134988e-16,6.193079248719368e-16,True,Convergence achieved,True,PASSED
466.01717453455865,32.50553059908797,0.022899012224715343,3.299542144588117,1.1384377174739878e-07,0.006266777312925265,0.005889685673554215,0.9398268646640175,0.4751473255717748,0.002027354200944391,0.00037709163937112096,466.2980018114129,466.6550587721372,32.50553059908797,0.0,1.6285673418957678e-16,1.9742949421839413e-16,0.0,True,Convergence achieved,True,PASSED
486.06241757806407,50.54380086685446,0.02357146375059655,2.981341827060725,2.4271801096291846e-07,0.029148471265808145,0.02677320524450888,0.918511471849112,0.7636998816746045,0.006498608673383734,0.002375266021299148,487.97111139126616,488.30410760189363,50.54380086685446,0.0,1.465018720595118e-16,0.0,2.930037441190236e-16,True,Convergence achieved,True,PASSED
511.7496441589405,39.55856246076691,0.02796131239997991,3.5312741086337733,1.910936780272873e-07,0.12736861676414038,0.1203203979317001,0.9446628297338636,0.6681866592802107,0.003301263141125791,0.00704821883243945,518.1594509355344,525.6373265392425,39.55856246076691,0.0,8.433625138788409e-16,0.0,8.433625138788409e-16,True,Convergence achieved,True,PASSED
473.9682774523256,60.1515609198175,0.01425384255291619,3.0125609520070133,8.533466832303894e-08,0.013224409478309912,0.011274469023650806,0.8525499034298843,0.6850999318267473,0.004510953050186809,0.0019499404546596268,474.34712182285614,474.8795827248806,60.1515609198175,0.0,4.883373487811066e-16,3.242008089202437e-16,6.104216859763833e-16,True,Convergence achieved,True,PASSED
480.302539174597,33.767913960408386,0.012241235713481442,2.779094743992079,1.4848801932819063e-07,0.022359283019301686,0.020820413916501475,0.9311753824363532,0.7167014247845297,0.005117287839922771,0.001538869102800821,481.06463994090336,481.9088179181808,33.767913960408386,0.0,6.69426327107213e-16,3.854068400104152e-16,6.69426327107213e-16,True,Convergence achieved,True,PASSED
517.7720239874657,49.17959932206238,0.010940923619971173,3.1935249335124625,1.1655237613921944e-07,0.2590883455191485,0.2343578236015537,0.9045479183247652,0.8368485849990683,0.006192096872192508,0.024730521917595272,523.3718616539533,543.1703842991408,49.17959932206238,0.0,4.98674042654361e-16,8.32808557793655e-16,6.64898723539148e-16,True,Convergence achieved,True,PASSED
478.7005173486613,57.49228318605549,0.013684804425204054,3.6250726880622626,1.7082291629868892e-07,0.027981309174267444,0.024884616347366804,0.8893299520899797,0.8183813863003588,0.008979482297683484,0.0030966928269013467,479.6035525559136,479.976334728948,57.49228318605549,0.0,7.328586804010106e-16,1.4555797781003412e-15,5.862869443208085e-16,True,Convergence achieved,True,PASSED
475.62630116528175,43.07688795441239,0.013845301683238057,3.7954446278280565,1.7949514287254414e-07,0.021823691490336618,0.0200792536363056,0.9200667836235029,0.775662189285684,0.006993852450703709,0.0017444378540309939,476.33007304787367,476.73901771276616,43.07688795441239,0.0,0.0,1.5830478903895998e-16,1.502092652793436e-16,True,Convergence achieved,True,PASSED
498.0500150264546,39.29054038663136,0.02479150222339453,3.217675892016347,1.5009859034123336e-07,0.04561513422815342,0.04273943523568985,0.9369573488904014,0.5979589694445995,0.0029558103546772603,0.002875698992462946,500.42687521906834,502.77111122734954,39.29054038663136,0.0,5.902426821911545e-16,3.668751620731326e-16,5.902426821911545e-16,True,Convergence achieved,True,PASSED
498.8862431056328,50.25341596157423,0.029657004105279692,3.9694876634236094,1.0588682278657621e-07,0.044760543143000625,0.0411328323890303,0.9189529326670469,0.5194434837186787,0.0022347291528605085,0.003627710753970325,501.00394992447696,503.2972154224542,50.25341596157423,0.0,0.0,4.393710005785397e-16,1.453398138718834e-16,True,Convergence achieved,True,PASSED
512.4298821683328,68.78199263227052,0.013168061399015695,3.2648344155158324,1.399168092971319e-07,0.2067418341614385,0.18091072691571022,0.875056215155962,0.8501498330656974,0.00884679223884545,0.025831107245728586,518.72527603047,524.0596990752224,68.78199263227052,0.0,2.809186621161319e-16,1.7208754035493574e-16,2.809186621161319e-16,True,Convergence achieved,True,PASSED
514.726115662437,68.92291903390019,0.023864575444261408,3.9178187518583503,1.4016067951020099e-07,0.17762101919802936,0.15821815411542026,0.8907625619410658,0.7595384330506968,0.004937792587937491,0.019402865082609543,521.7875392607202,528.6671566709597,68.92291903390019,0.0,5.36216681878939e-16,0.0,5.36216681878939e-16,True,Convergence achieved,True,PASSED
479.3527364645235,32.391005687079044,0.02409826189291976,2.786842596410631,6.088107111514708e-08,0.011031447038935277,0.010360418924039598,0.9391713423880346,0.30610651399000305,0.0010241818054136992,0.0006710281148959398,479.8359554429272,480.833609757723,32.391005687079044,0.0,2.725974504307525e-16,7.825270096900336e-16,4.0889617564612875e-16,True,Convergence achieved,True,PASSED
473.36080574329304,66.58059378898763,0.015347303524888674,2.81559244615559,2.128233657518218e-07,0.0191661381261088,0.01671712360456417,0.8722218056955403,0.8529886305799398,0.011552478565337511,0.0024490145215439563,474.2048722098123,474.3133858567151,66.58059378898763,0.0,6.46921243888726e-16,4.595276171961835e-16,6.46921243888726e-16,True,Convergence achieved,True,PASSED
519.7269002475379,42.49032240457457,0.02095702746674947,3.700447552551659,2.1249947615231511e-07,0.28680235514100627,0.2647789406567862,0.9232104824474253,0.8244108033086772,0.005100171679020038,0.02202341448422005,529.0899545825491,554.8039372743785,42.49032240457457,0.0,0.0,2.1028850179884515e-16,0.0,True,Convergence achieved,True,PASSED
485.8614952619107,57.5558983605761,0.01564948248307939,3.0094017313525456,7.16535908876916e-08,0.022980195496689892,0.019856132213197642,0.8640541032846267,0.6144046624998886,0.003292232847811128,0.0031240632834920665,486.5169469351431,487.76704818492306,57.5558983605761,0.0,2.222183166606134e-16,1.4768272002072625e-16,1.111091583303067e-16,True,Convergence achieved,True,PASSED
509.1675243476949,58.91889536604978,0.02352189490026918,3.1795888757228785,1.3792804189791348e-07,0.10067503001439253,0.09058838010972589,0.8998098147750792,0.7083388097743762,0.004242179670914999,0.010086649904666442,513.9688174712521,518.5073721038887,58.91889536604978,0.0,3.082417880612592e-16,3.877756529025226e-16,3.082417880612592e-16,True,Convergence achieved,True,PASSED
488.2907595917944,59.845286336873556,0.011551511714025556,2.849027807069951,2.4016549692999425e-07,0.06351592893988064,0.05680449502046842,0.8943346333521346,0.8912496324908644,0.015446729491430746,0.00671143391941225,490.59252815969165,490.8232022540415,59.845286336873556,0.0,1.4450487221738968e-16,0.0,0.0,True,Convergence achieved,True,PASSED
491.5260857921866,69.21500874342121,0.018340220112774284,3.7520955541090633,1.9580597588862908e-07,0.05648732516755359,0.04988059174341236,0.8830404271304376,0.8255116299520721,0.009213764909250983,0.006606733424141143,493.8874010196798,494.3045755247398,69.21500874342121,0.0,0.0,0.0,1.123701306078684e-16,True,Convergence achieved,True,PASSED
516.4624910501581,66.79420038877001,0.025418995073459027,3.5662313244206665,1.443223962329542e-07,0.19465755708938642,0.17410057693930697,0.8943941326632417,0.7643287126214613,0.004580755407795958,0.020556980150079153,524.5006813097432,534.5070467931641,66.79420038877001,0.0,1.558116017632023e-16,1.747633146467456e-16,3.116232035264046e-16,True,Convergence achieved,True,PASSED
470.43020835541483,30.41596335943196,0.026095595578754904,3.56967080116364,5.634206557859368e-08,0.0071495751212108044,0.0067662543283566485,0.9463855143339323,0.2550915171066893,0.0008236265666388571,0.0003833207928546587,470.7210230223472,471.25904775077765,30.41596335943196,0.0,6.0754430320172345e-16,1.7019617131184094e-16,4.556582274012925e-16,True,Convergence achieved,True,PASSED
489.8695437055316,65.01065193457157,0.01678279931614376,2.921260488563574,1.6574001728894918e-07,0.042124918888618884,0.036891336054207344,0.8757604056579976,0.8036826226997461,0.007997178848339087,0.005233582834411797,491.71906512917224,492.40742532883985,65.01065193457157,0.0,4.0531394654694007e-16,0.0,4.0531394654694007e-16,True,Convergence achieved,True,PASSED
507.3500365309993,45.45006456146498,0.015062171423429057,3.02421751696578,1.3565618006335557e-07,0.10667772874192509,0.09777623035611599,0.9165571062415091,0.7447657661221561,0.0050150019587529085,0.00890149838580961,511.09848013466996,516.1955816029563,45.45006456146498,0.0,4.634726562903744e-16,3.065074874345546e-16,4.634726562903744e-16,True,Convergence achieved,True,PASSED
499.0035373048925,59.39082955846857,0.014105538701110589,3.4643883968134506,8.841403630636912e-08,0.06283518854243088,0.0548495771991031,0.8729117946716267,0.7072066302494064,0.0046222060177425126,0.007985611343327462,500.67349318903484,503.28034770144683,59.39082955846857,0.0,2.7451909217834407e-16,1.58480551678817e-16,4.117786382675161e-16,True,Convergence achieved,True,PASSED
520.5861554940902,54.88004149953325,0.0295706085382445,2.930358610497136,6.237781186634106e-08,0.17740113363863685,0.1596722467047752,0.9000632827410502,0.48918607298480626,0.0013511254092351645,0.017728886933861612,524.4570859646428,555.5494723398413,54.88004149953325,0.0,0.0,4.720985323788833e-16,0.0,True,Convergence achieved,True,PASSED
493.37409887581026,32.15833797069658,0.017129227165013115,3.5867486445278165,2.2690939628649644e-07,0.05357623401473216,0.05095065477668847,0.9509935835108954,0.7312946603990096,0.005302403319609051,0.0026255792380436983,495.5916537723405,497.06428095695117,32.15833797069658,0.0,0.0,1.2950796681703123e-16,1.1612813110913502e-16,True,Convergence achieved,True,PASSED
491.4465233098735,61.62563177628778,0.02544523685248586,2.681672750490479,1.3419316313294844e-07,0.028463883796441217,0.02515194523257318,0.8836441791445628,0.6670172891200495,0.004051237641549862,0.003311938563868779,493.16934522173364,494.2371210735246,61.62563177628778,0.0,7.529917117493042e-16,1.8719453162497967e-16,7.529917117493042e-16,True,Convergence achieved,True,PASSED
497.13992650909984,53.313982153985236,0.018892654458293467,3.204348284044168,5.445402032187191e-08,0.03713463625996501,0.032864409251555864,0.8850068981821975,0.4802541304417659,0.0019114381688264256,0.004270227008409225,498.12695967498917,501.01824940876327,53.313982153985236,0.0,1.9302162344668794e-16,2.4094961762780387e-16,0.0,True,Convergence achieved,True,PASSED
521.8978926280517,62.40859223650308,0.017932128083065383,3.950689032280259,2.469133223356747e-07,0.549913607565151,0.48442087432169073,0.8809035958694641,0.9309379875807163,0.009850207114289035,0.06549273324346012,536.2554161880563,570.2248402693593,62.40859223650308,0.0,1.1973030259955333e-16,4.848989191354192e-16,2.3946060519910666e-16,True,Convergence achieved,True,PASSED
483.34805666713874,35.181184284208584,0.011866339230735731,2.91653902905097,1.1604386235967668e-07,0.02543239036976722,0.023514963854176927,0.9246069092321703,0.6793135892978679,0.004295596889317584,0.0019174265155907754,484.09926169658996,485.2381539138495,35.181184284208584,0.0,4.294150074108122e-16,1.9631259431516089e-16,4.294150074108122e-16,True,Convergence achieved,True,PASSED
477.1610223435802,40.86546462949631,0.015104874481226173,3.6727937299854383,1.93532946543386e-07,0.02238291643894658,0.020750282270944147,0.9270589168996411,0.7639955302838288,0.006555181683658462,0.0016326341680015237,477.9713669496232,478.41219013395016,40.86546462949631,0.0,9.391344983227992e-16,1.4611446332381238e-16,8.049724271338279e-16,True,Convergence achieved,True,PASSED
518.204089713801,62.860341721195034,0.027439712318290815,3.3196499003146176,1.1350214861649011e-07,0.18374023243662632,0.16482469075116504,0.8970528041974405,0.7069376680964183,0.0031096368426502784,0.018915541685461165,524.1139851993006,541.1653860818293,62.860341721195034,0.0,2.730858838152497e-16,4.935807546260252e-16,1.3654294190762486e-16,True,Convergence achieved,True,PASSED
516.7876245741878,30.548718628844615,0.010301098305202903,3.881952436795132,2.3585110083831632e-07,0.31760460096110255,0.3001278857361867,0.9449733562674126,0.8795048154550105,0.008342979530478366,0.017476715224917245,522.8420684096302,541.7333818130643,30.548718628844615,0.0,1.438726744191749e-15,8.471299754391693e-16,6.165971760821781e-16,True,Convergence achieved,True,PASSED
494.5689597028547,58.36531365206478,0.026734451955954107,3.9031483928229784,1.753439730701859e-07,0.04593361206843959,0.04168123535196895,0.9074234199101313,0.7045277257099815,0.004775258557504325,0.004252376716470878,497.0456198074768,497.965327975528,58.36531365206478,0.0,3.181515236310525e-16,6.520920889732246e-16,3.181515236310525e-16,True,Convergence achieved,True,PASSED
492.50272189848397,64.6871464932902,0.016418023058544035,2.7720021906642964,7.763454386980063e-08,0.03304907651329175,0.028092706320979523,0.8500299943231885,0.6557356765045235,0.003809290175675933,0.004956370192311655,493.557796389676,495.3122335923547,64.6871464932902,0.0,5.978229590964138e-16,4.313293554455298e-16,3.9854863939760923e-16,True,Convergence achieved,True,PASSED
504.783523247538,52.719363360442244,0.018212834002962686,2.618629927528708,6.438964384759223e-08,0.05528598411892796,0.049025432417376405,0.886760599429979,0.5488994566871167,0.0022965067613700423,0.006260551701551049,506.42903167105715,511.4924178237538,52.719363360442244,0.0,5.169971585807432e-16,0.0,5.169971585807432e-16,True,Convergence achieved,True,PASSED
469.9250698930646,40.51203609961963,0.010751475655258002,2.870562926898267,1.1510615060895771e-07,0.012624159599269965,0.011414792786344765,0.904202192358569,0.7256247163595706,0.005432882308050501,0.0012093668129256297,470.27558911704546,470.7201781701056,40.51203609961963,0.0,4.683791734615709e-16,4.351101721293569e-16,4.683791734615709e-16,True,Convergence achieved,True,PASSED
478.5224083561267,62.489226115048886,0.018697851293543215,2.964417450884052,1.4352155309612355e-07,0.018051672032946327,0.01575564482447421,0.8728080587614293,0.7469714706472909,0.006002772555549897,0.0022960272084725096,479.3315326531334,479.7670270912695,62.489226115048886,0.0,3.67805258083079e-16,2.4814673653563317e-16,5.517078871246185e-16,True,Convergence achieved,True,PASSED
520.1865645524513,44.764945514405035,0.026961559175101492,3.1521803712219647,8.049916067593246e-08,0.1717194347977647,0.15739820582679337,0.9166010010000475,0.5396666496492176,0.001575455444925372,0.01432122897097117,523.2972436523115,553.7513077620263,44.764945514405035,0.0,0.0,5.085125237463393e-16,1.335769329894795e-16,True,Convergence achieved,True,PASSED
503.0733757754582,48.04881819555466,0.018729114711462113,3.3971348927274967,5.6465271262825655e-08,0.05455444801915514,0.04927697950335666,0.9032623606796394,0.47472863565156515,0.0017941761754613453,0.005277468515798382,504.39301503714705,508.965324749451,48.04881819555466,0.0,2.0363517557994798e-16,1.1988642312431287e-16,2.0363517557994798e-16,True,Convergence achieved,True,PASSED
483.8207158108681,65.11414155131912,0.01978639944976948,2.9347808469991974,1.971278907084579e-07,0.02833087006195631,0.024980089236005507,0.8817268647724835,0.8025454155105897,0.008103349900092347,0.0033507808259509763,485.32024721959266,485.6150860711675,65.11414155131912,0.0,0.0,2.3509227122268843e-16,1.7248607371547164e-16,True,Convergence achieved,True,PASSED
481.2491550309033,50.42689039748235,0.026368007337223394,3.1982944360018335,1.0062519289682656e-07,0.014509797920171161,0.013117512675702582,0.9040451664366156,0.5270452384884189,0.0024091953173258247,0.001392285244468343,481.97783299426715,482.7481825069639,50.42689039748235,0.0,1.3810068815693244e-16,1.7271791690269918e-16,2.762013763138649e-16,True,Convergence achieved,True,PASSED
482.99451067406346,37.939620717841855,0.01846996696629262,2.7165838846348147,2.4091612370268306e-07,0.025081012642132774,0.023483799268314894,0.9363178274893585,0.7547799526737275,0.006178711139154002,0.0015972133738178776,484.40583452355037,484.94256241942065,37.939620717841855,0.0,1.7453321185899264e-16,2.569892471882271e-16,0.0,True,Convergence achieved,True,PASSED
490.2729831389663,67.27391203204364,0.010392820237754345,3.3793570724499467,7.982303943645019e-08,0.04645511281692262,0.0388265086239962,0.8357854769831238,0.7667259499613237,0.006440366099464644,0.007628604192926063,491.21301133789444,492.63942431337597,67.27391203204364,0.0,3.6549143300228587e-16,6.489247957523127e-16,1.8274571650114293e-16,True,Convergence achieved,True,PASSED
468.6465717228996,45.39520400865868,0.02758132999239327,3.6681518554404313,1.8321556432830965e-07,0.008578990417009862,0.007919409320847951,0.923116699739653,0.6396736933686317,0.003782771879468229,0.0006595810961615838,469.1456943484973,469.36410488307496,45.39520400865868,0.0,2.936026875894151e-16,3.20164158039376e-16,4.4040403138412265e-16,True,Convergence achieved,True,PASSED
506.604052427908,40.997500743761115,0.028541272954231117,2.64239115918399,2.311192673165589e-07,0.0831592490776417,0.07821906235531549,0.9405936588278541,0.691384718745296,0.004068361313423912,0.004940186722325824,513.0343502874321,516.1668833124079,40.997500743761115,0.0,4.427652167203108e-16,1.6756232898426867e-16,2.213826083601554e-16,True,Convergence achieved,True,PASSED
515.4849908415167,45.52733789432472,0.015741831931429577,2.6488530083816606,2.458929276462061e-07,0.2776409619848307,0.2559239042771698,0.921780066052188,0.8858738952781693,0.008228056274007505,0.021717057707660428,526.0391612596454,542.3042117106002,45.52733789432472,0.0,4.0209748151296863e-16,1.5180060208725342e-16,4.0209748151296863e-16,True,Convergence achieved,True,PASSED
515.7994225753994,65.39608372001481,0.012173931035338459,2.690635614703668,7.4314714684809e-08,0.15674751992007052,0.1340510421262943,0.8552035923416886,0.765505494765499,0.004787243663847387,0.022696477793775757,519.527916465119,531.3202524734293,65.39608372001481,0.0,5.258968712339639e-16,9.772725603572364e-16,5.258968712339639e-16,True,Convergence achieved,True,PASSED
476.3383122875852,63.997670778283656,0.01448985408967133,3.41584760320386,8.630261878536076e-08,0.016548733649176382,0.014042044093181506,0.8485268051842966,0.6983598936137522,0.0047744215140045464,0.0025066895559948807,476.779423515557,477.36065170229585,63.997670778283656,0.0,0.0,6.19072945813583e-16,0.0,True,Convergence achieved,True,PASSED
500.7541014172138,61.313818722741765,0.012099824203128046,3.622665469906524,2.2502493179776708e-07,0.14749890793287282,0.13296180490538742,0.9014426396017685,0.8884472147326962,0.014052229991586779,0.01453710302748574,505.4046793866493,506.17220542558,61.313818722741765,0.0,1.6568518223101792e-16,7.31771381519445e-16,4.970555466930537e-16,True,Convergence achieved,True,PASSED
522.6158973260319,59.26612891877264,0.027277476291525236,3.8417438409749827,1.5924255547320495e-07,0.31625121582483573,0.27961151146765256,0.884143672739339,0.8092321766554477,0.0040577228412532525,0.03663970435718423,532.0685769343021,567.7775361559519,59.26612891877264,0.0,1.0776951340895193e-15,3.205970082336402e-16,1.0776951340895193e-15,True,Convergence achieved,True,PASSED
483.7318068555078,46.50201220204814,0.013533286521908139,3.4710515340530024,6.667678283937987e-08,0.02259936777686871,0.02014404664429722,0.891354432707416,0.577338684926082,0.002864787467565065,0.0024553211325716627,484.24682440887403,485.4643684948466,46.50201220204814,0.0,1.432770607100523e-16,3.3022168482241727e-16,2.865541214201046e-16,True,Convergence achieved,True,PASSED
508.7175622850413,35.43876548866006,0.013145617568484145,3.7046001622924933,1.869720106278582e-07,0.15867127429746455,0.1496827259127458,0.9433511300358759,0.7900865581273234,0.006165185811889225,0.00898854838471895,513.3929716707723,519.3326898274222,35.43876548866006,0.0,1.5520724500192064e-16,8.379163105465869e-16,1.5520724500192064e-16,True,Convergence achieved,True,PASSED
488.0713190408335,56.509432347217746,0.024215113505767712,3.419790179051296,2.3904974489804687e-07,0.035959239982259784,0.03277118442264185,0.9113425211102497,0.776627914987364,0.006966377844346203,0.003188055559618729,490.24845344045406,490.5245032109359,56.509432347217746,0.0,7.915628581160496e-16,5.555167890462626e-16,7.915628581160496e-16,True,Convergence achieved,True,PASSED
467.64708459114706,40.602550887307686,0.018493341997059133,2.6288500053117225,7.835138886215838e-08,0.006357290553489078,0.005768031425112552,0.90730970632559,0.49381661432562945,0.0021568293227351336,0.0005892591283764473,467.88822234378216,468.3333796106522,40.602550887307686,0.0,0.0,0.0,0.0,True,Convergence achieved,True,PASSED
484.32221164720033,37.289652426995495,0.02716523007253505,3.111581690665821,2.107711391607311e-07,0.020770638523481714,0.019571461207921186,0.9422657462260913,0.6345641433984125,0.0036174085888650747,0.0011991773155608347,485.7118756519583,486.3751050468243,37.289652426995495,0.0,3.938374861808493e-16,1.6876196752808608e-16,3.938374861808493e-16,True,Convergence achieved,True,PASSED
486.4483941179949,56.78011926484571,0.02768056498933907,3.3270605486972995,1.6714367139147875e-07,0.024253567015844107,0.021907845542347145,0.9032834439583873,0.6756252432073797,0.004286698721913538,0.002345721473496889,487.9332983313559,488.53369004042503,56.78011926484571,0.0,1.3558707198876285e-16,0.0,0.0,True,Convergence achieved,True,PASSED
475.2590296828849,34.02224906854972,0.028830675022724284,2.907188231378798,1.2951964297937598e-07,0.009395962797241789,0.008854584259333904,0.9423817920962432,0.46201141212980973,0.0019150140299069517,0.0005413785379074142,475.8575431710462,476.4160246245257,34.02224906854972,0.0,4.701860878866541e-16,1.6173224795411957e-16,4.701860878866541e-16,True,Convergence achieved,True,PASSED
475.7234501084759,57.05402772091632,0.01705649034385856,3.4576658621186827,1.6432633334213064e-07,0.01857381448415167,0.016525843813423483,0.8897388216903167,0.7723510203339754,0.006884305912721687,0.002047970670728003,476.45637466337206,476.7882213903283,57.05402772091632,0.0,2.266825549448977e-16,5.244753286970261e-16,1.1334127747244886e-16,True,Convergence achieved,True,PASSED
481.8306688111648,58.444072701479236,0.029730813638821102,2.719011682439143,7.242175278966673e-08,0.011946713552595991,0.0105270204650148,0.8811645494528564,0.44486996111643606,0.0017817656704364614,0.001419693087580306,482.49407460602544,483.32856311968925,58.444072701479236,0.0,8.679825518848465e-16,4.788408362627218e-16,8.679825518848465e-16,True,Convergence achieved,True,PASSED
503.94231277872404,51.781650572181675,0.022842849779094662,3.5212939548445474,1.3100572773324587e-07,0.07241709956593623,0.06606225685755027,0.9122466551894837,0.6620141483149362,0.0036767884947219603,0.0063548427083872,507.0899881262775,510.35071392305923,51.781650572181675,0.0,1.2017406735098263e-15,5.850482508112377e-16,1.2017406735098263e-15,True,Convergence achieved,True,PASSED
518.306369001053,67.68212259497649,0.028670590267517303,3.377787573852193,1.5347781311651455e-07,0.24217787599340196,0.2165032014134218,0.8939842276068201,0.7810844690610901,0.004301940254749587,0.025674674579980274,528.6262623937388,544.5443019275506,67.68212259497649,0.0,1.3243973713727388e-16,3.136721519434881e-16,1.3243973713727388e-16,True,Convergence achieved,True,PASSED
506.169058385869,30.656971792601865,0.014674256385226228,2.829632430943673,8.40161727725572e-08,0.07149069114520068,0.06730755047979042,0.9414869181091774,0.5456560878239245,0.0021523623058419196,0.004183140665410652,507.913305534865,515.0600252329605,30.656971792601865,0.0,4.527216308560974e-16,3.199861762293389e-16,3.3954122314207304e-16,True,Convergence achieved,True,PASSED
522.0342402617332,69.66487703217919,0.02310080287649046,3.3568802981929817,7.686167635287585e-08,0.24791074918584635,0.215167494100238,0.8679232135228536,0.7397322462834512,0.002696596332627255,0.03274325508560843,524.6281040441436,563.1528290491523,69.66487703217919,0.0,1.6358700984778126e-16,7.797097081398613e-16,1.6358700984778126e-16,True,Convergence achieved,True,PASSED
508.04891339783495,63.30591493351501,0.029363915331208593,3.2124910775386524,1.2644577812758845e-07,0.07953709217219121,0.07112603989904523,0.894249939953341,0.6446205615703513,0.00336108620703099,0.008411052273145855,512.507499628555,516.2659522049215,63.30591493351501,0.0,1.2443005440733178e-16,0.0,0.0,True,Convergence achieved,True,PASSED
480.48681872812676,32.60869929031186,0.016447235377212883,3.17338011245471,1.9432072072666234e-07,0.02203719119907394,0.020787965180356464,0.9433128293241559,0.702580667969795,0.00481785129939749,0.0012492260187181518,481.41889797169307,482.12286735718,32.60869929031186,0.0,6.602623744243573e-16,5.548341524613837e-16,6.602623744243573e-16,True,Convergence achieved,True,PASSED
471.01642952807896,38.419872512309254,0.029070803628726355,3.0398459394037487,2.2546123602652165e-07,0.008982629824520205,0.008428865040699523,0.9383515969555757,0.6372103871292537,0.0037356063762157086,0.0005537647838209016,471.6787005195813,471.9155308606465,38.419872512309254,0.0,2.410671435133042e-16,1.5860484269185585e-16,3.616007152699563e-16,True,Convergence achieved,True,PASSED
507.162918569937,33.15017647863064,0.011968806315646093,3.0004535059298743,1.278212794526151e-07,0.10688718845906271,0.10022406798478418,0.937662122370912,0.7184450726672502,0.004328323055146947,0.006663120474278316,510.15469139658956,516.6989259137029,33.15017647863064,0.0,2.899069643318755e-16,7.729683896355663e-16,1.4495348216593775e-16,True,Convergence achieved,True,PASSED
490.0246747908456,48.23487499995486,0.017450017323469277,3.846742060189844,2.1993444631383674e-07,0.05066722140075881,0.04675254237664748,0.9227374441328107,0.7945020990919814,0.007584309658659981,0.003914679024111379,492.11323861710116,492.765447531412,48.23487499995486,0.0,1.2045485511506574e-16,2.505077870682519e-16,1.2045485511506574e-16,True,Convergence achieved,True,PASSED
505.0414059037077,63.758290731512034,0.02047242078862639,3.0489608337436116,2.30251834166589e-07,0.12046315023201686,0.1085305494295726,0.9009439751537179,0.8295097006078029,0.00880569137492241,0.011932600802444047,511.89363689388455,512.6812759079277,63.758290731512034,0.0,1.7154364606231156e-16,3.3757792654558587e-16,3.430872921246231e-16,True,Convergence achieved,True,PASSED
498.3218935769895,36.12934049432618,0.018790373644000893,3.8305536357270054,1.3394429334474596e-07,0.05668211131382924,0.053291779972736486,0.9401869256012414,0.6211497462120096,0.003201485438532617,0.0033903313410927837,500.2754283789084,503.0401265044381,36.12934049432618,0.0,0.0,3.492620955046411e-16,0.0,True,Convergence achieved,True,PASSED
491.6841716139102,63.799891163750104,0.020649822641552375,3.515129408303219,2.0022941034468337e-07,0.048949219816100314,0.043729819627553936,0.8933711260739976,0.7969833184584434,0.007713058595310613,0.005219400188547229,494.0865923013351,494.5744600666412,63.799891163750104,0.0,9.4825281524404e-16,2.1581061863705769e-16,9.4825281524404e-16,True,Convergence achieved,True,PASSED
470.2437436088243,33.676391871348464,0.028281008197885045,3.2823985378171545,1.4291703783593963e-07,0.007677170762528509,0.007245077260784451,0.943717091216241,0.489366798568232,0.002134235215469414,0.00043209350174477326,470.69683219341374,471.08056378669096,33.676391871348464,0.0,7.880317305232126e-16,6.402080441637581e-16,7.880317305232126e-16,True,Convergence achieved,True,PASSED
488.80649494314184,65.86765846446102,0.015456361405281829,2.5378784778575216,1.1700238576743746e-07,0.032335623078728344,0.02764116573376236,0.8548208787090502,0.7589710238931925,0.006210860301524579,0.004694457344964991,490.0767018922933,491.1105174904836,65.86765846446102,0.0,1.1912067833627295e-15,3.129140589290803e-16,1.1912067833627295e-15,True,Convergence achieved,True,PASSED
482.896582296327,67.11564159128176,0.020345760376057995,3.8059732169924247,2.2986643982142701e-07,0.03352658095492676,0.029843014703213197,0.8901299760728419,0.826293674520848,0.00948421763676879,0.0036835662517136127,484.47622692282306,484.59205124930753,67.11564159128176,0.0,0.0,8.613148519882371e-16,0.0,True,Convergence achieved,True,PASSED
466.83937145870897,44.50930683908452,0.021040714438367008,2.7393029830980966,1.9270174442749263e-07,0.00801248838960194,0.0073371140748260295,0.9157097917731001,0.7106477491898767,0.005110687075186321,0.0006753743147750972,467.30441879186657,467.510733685044,44.50930683908452,0.0,9.248721122428499e-16,2.250869699212895e-16,7.707267602023749e-16,True,Convergence achieved,True,PASSED
515.0737744940775,53.74656960602256,0.013643600055641802,3.5269625106878193,1.8822962220231272e-07,0.29351614833034384,0.2681804791221901,0.9136821965255575,0.8715282693270423,0.008851617469497546,0.02533566920815396,523.8128830443316,533.6332775802214,53.74656960602256,0.0,1.4389582130322232e-16,3.263903619438475e-16,2.8779164260644464e-16,True,Convergence achieved,True,PASSED
467.48559058064023,55.84742048619396,0.015818902239333476,3.0834052159588468,1.3236180254016776e-07,0.00997908954207772,0.00875727120430017,0.8775621430566646,0.7397766763351803,0.005858568803219022,0.0012218183377776604,467.8545122865142,468.1209225593207,55.84742048619396,0.0,2.238960321923204e-16,4.356794190400216e-16,1.119480160961602e-16,True,Convergence achieved,True,PASSED
501.97425217477956,32.95483050956532,0.014982753352215373,2.967685492353321,6.72275309661265e-08,0.05367279141053472,0.050148307760218155,0.9343338857977563,0.4838768756695263,0.0018262728123891413,0.003524483650317433,503.23004255082503,508.26119409417527,32.95483050956532,0.0,9.18768000390288e-16,3.095907577664915e-16,9.18768000390288e-16,True,Convergence achieved,True,PASSED
470.8017998628899,36.69881035420157,0.026207459331790237,3.087677453011629,1.4068899112926699e-07,0.008056811813054034,0.007533218139328256,0.9350122994213276,0.5298935291956384,0.0024701505272923443,0.0005235936737254449,471.2644071011088,471.66119761484197,36.69881035420157,0.0,4.0585716170656185e-16,5.257766303416191e-16,2.705714411377079e-16,True,Convergence achieved,True,PASSED
471.3136981401482,36.34026043795202,0.01763961112348371,3.169816135567533,8.367514341927706e-08,0.009121414250629097,0.008417977114898124,0.9228806941114621,0.49527920957682936,0.0021608347461055744,0.0007034371357302796,471.61306105128585,472.1804178313074,36.34026043795202,0.0,8.201402956379146e-16,0.0,6.15105221728436e-16,True,Convergence achieved,True,PASSED
478.7704711562244,43.31782271782072,0.025218100317260975,3.553953167004428,1.7711626943665785e-07,0.016215026008847895,0.01504311906969574,0.9277271008685022,0.6449514811008789,0.0038106795686166637,0.0011719069391520707,479.6569346611602,480.13419709861466,43.31782271782072,0.0,1.5663054250550188e-16,3.5257761741981154e-16,1.5663054250550188e-16,True,Convergence achieved,True,PASSED
480.3786073662851,35.60574577124023,0.02657420871336485,3.222172036756553,1.6056627336365856e-07,0.015186325761976411,0.014302633372319592,0.9418099938387361,0.5566852977021811,0.0026931568830126508,0.0008836923896563403,481.266188613481,481.952943084163,35.60574577124023,0.0,5.512337944490384e-16,5.132256640808464e-16,5.512337944490384e-16,True,Convergence achieved,True,PASSED
514.2461778173031,35.88423186032516,0.026794104908761576,3.0784368908394106,1.2754547281576874e-07,0.12021432705941118,0.11360105742331238,0.9449876749480092,0.5724887584336221,0.0020627894348928233,0.0066132696360986475,518.382580794827,532.4126244456947,35.88423186032516,0.0,1.3202456741735564e-16,0.0,1.3202456741735564e-16,True,Convergence achieved,True,PASSED
493.0811058503648,57.75000673592433,0.01157531132651121,3.5741086669931357,2.1672712637089766e-07,0.08854912282866267,0.07983318241927119,0.9015694325255368,0.8780667419604796,0.01342413771984291,0.008715940409391176,495.77254971765745,496.3435247398937,57.75000673592433,0.0,3.427473120368123e-16,7.671782678620401e-16,1.7137365601840616e-16,True,Convergence achieved,True,PASSED
516.8633852327172,65.48543473843428,0.013272470094848771,3.6074856080818862,2.1203535609416698e-07,0.4686580432305779,0.42166752852131667,0.8997338989738787,0.929837397695641,0.012127925535411047,0.04699051470926148,528.6226724622258,543.8760449148997,65.48543473843428,0.0,1.5055060196871349e-16,3.33862680713533e-16,3.0110120393742697e-16,True,Convergence achieved,True,PASSED
488.1246199005554,60.737214261970294,0.02255706681952325,2.7233357701166083,8.212893550912322e-08,0.02095917020257961,0.01823244510860615,0.8699030034290939,0.5690909330261333,0.0027611325493377007,0.0027267250939741246,489.03604604522116,490.3186312642073,60.737214261970294,0.0,7.158463931772377e-16,2.1028516601802253e-16,5.726771145417901e-16,True,Convergence achieved,True,PASSED
504.98080910744295,65.23131935836246,0.018302431094982478,3.4026197198090617,1.2860769044171532e-07,0.09309141862207056,0.08193189953660979,0.8801230097183683,0.7565053612260473,0.005661334136488789,0.011159519085461323,508.5198964376556,511.4325339870603,65.23131935836246,0.0,6.259273216861022e-16,3.679090660893638e-16,6.259273216861022e-16,True,Convergence achieved,True,PASSED
507.00023299609484,49.78062467277619,0.025160649218253697,2.6631881957538353,1.0942684374619552e-07,0.06570501764751097,0.059892078599372525,0.9115297544044005,0.5920859901898625,0.0026607406559353043,0.005812939048138499,510.26910367239606,515.3345828805262,49.78062467277619,0.0,0.0,7.586750005959598e-16,0.0,True,Convergence achieved,True,PASSED
478.98101441420516,31.17933731284158,0.01838546681119665,3.7205631783729807,1.3180157318577208e-07,0.01738615880585627,0.016430223151465653,0.9450174322537283,0.5678811957679661,0.002798782758658685,0.0009559356543904211,479.5951262617755,480.41261415917415,31.17933731284158,0.0,1.1134979396291862e-16,0.0,2.2269958792583725e-16,True,Convergence achieved,True,PASSED
470.52653154473717,44.61908085701493,0.026281242784002793,3.5081926265546963,1.3492270963343088e-07,0.008652088185894325,0.007952208819723547,0.9191086185053234,0.5699259912355467,0.0028728902173680735,0.0006998793661707597,470.9778011471851,471.3221729164211,44.61908085701493,0.0,1.4878420415244287e-16,0.0,0.0,True,Convergence achieved,True,PASSED
484.7198329623348,47.19623379747885,0.015267741618783469,2.941317827070973,8.330561348091025e-08,0.021889033350072282,0.019556843487055022,0.8934539581662765,0.6084971880978286,0.003217129700572275,0.00233218986301649,485.3969884106526,486.61039553298554,47.19623379747885,0.0,7.836731378048243e-16,0.0,7.836731378048243e-16,True,Convergence achieved,True,PASSED
511.4837552842518,55.345850185393296,0.019661979744512,2.795053668782384,1.9751974183002286e-07,0.1608309933955876,0.14643235446897343,0.9104734813693592,0.8102582000777447,0.006712733054057931,0.014398638926614563,519.8024511386897,524.602319564362,55.345850185393296,0.0,3.3482735601262346e-16,1.1979281820319577e-16,3.3482735601262346e-16,True,Convergence achieved,True,PASSED
497.2985479182091,65.65270027278534,0.0232381190064624,3.2400952856637364,5.561452227044178e-08,0.0348376564541354,0.030014954995927275,0.8615664212500238,0.4837552469148647,0.001956289540415638,0.0048227014582081775,498.40471583133154,500.9564326332646,65.65270027278534,0.0,0.0,1.9537865436846052e-16,1.5826136423464336e-16,True,Convergence achieved,True,PASSED
468.1699213835269,58.72395673097168,0.016299740263217455,2.5534872627500076,1.6447058405658772e-07,0.010355088990227686,0.009057430788776896,0.8746840125975114,0.7848059685267675,0.007423721600657227,0.0012976582014510541,468.6483709426492,468.85318923799497,58.72395673097168,0.0,3.781850309717886e-16,1.481053132665709e-16,3.781850309717886e-16,True,Convergence achieved,True,PASSED
512.1227703438245,67.32631820198002,0.017913313482186458,3.8659613646566906,1.6923317448914727e-07,0.20263661212475176,0.18099827192316031,0.8932160384310479,0.8276462024072486,0.007762336804552178,0.021638340201592207,519.6312379938062,523.7178136952724,67.32631820198002,0.0,7.068288137362347e-16,1.2188927014777229e-16,7.068288137362347e-16,True,Convergence achieved,True,PASSED
514.1027110213178,44.67225121632953,0.029456567100863706,3.05249759808917,1.6649882703491226e-07,0.1353648511844549,0.1262973043344825,0.9330140226902991,0.6662589470360395,0.00305101193490584,0.009067546849972982,521.1595708279262,531.5969525138652,44.67225121632953,0.0,4.773103868942541e-16,4.691014864611641e-16,5.966379836178177e-16,True,Convergence achieved,True,PASSED
482.61762567890736,40.93932917061852,0.011692052814306504,3.2861466261305528,1.0714168100267799e-07,0.026505087090700274,0.024127927769882773,0.9103130914951179,0.6981179056184361,0.004688353128687625,0.0023771593208175754,483.3163354549361,484.3303784480562,40.93932917061852,0.0,1.5898147425252774e-16,3.8703440190611075e-16,1.5898147425252774e-16,True,Convergence achieved,True,PASSED
513.283212152883,50.80925633338475,0.02775710673609817,3.8103950524382797,7.876971590376383e-08,0.1056080720713196,0.09702868535093603,0.9187620174091516,0.49878687833350727,0.001765931291787187,0.008579386720382862,516.5847046301877,526.0337665517852,50.80925633338475,0.0,7.515827663096333e-16,3.155925854265191e-16,7.515827663096333e-16,True,Convergence achieved,True,PASSED
481.90374805406066,31.258490878132225,0.014867556058098119,2.7996599366743835,1.570673774282823e-07,0.02158834195565307,0.020311258418218264,0.9408438341370357,0.6688290704340133,0.004125296024024681,0.0012770835374350178,482.75667366440814,483.71053612750035,31.258490878132225,0.0,2.2166922617007368e-16,4.750631816378098e-16,2.2166922617007368e-16,True,Convergence achieved,True,PASSED
468.8245993724716,56.220186313154684,0.024303740623697688,2.5316899487250937,8.515158754895458e-08,0.0061108934239227485,0.005341387217368418,0.8740763169683509,0.5298351716238042,0.002469810850476515,0.0007695062065542235,469.1318883375789,469.5106489429025,56.220186313154684,0.0,0.0,1.9914031136259598e-16,1.2604038116566747e-16,True,Convergence achieved,True,PASSED
514.5168678328184,64.25024420884382,0.014931800768348494,3.0811286752118443,2.1173076778207688e-07,0.3177664198009944,0.28562559901673223,0.8988539418218249,0.8957704227736275,0.01073183673299836,0.032140820784261774,526.2829743886009,533.0196700246762,64.25024420884382,0.0,4.741310061127438e-16,3.0776449547673934e-16,4.741310061127438e-16,True,Convergence achieved,True,PASSED
502.89428855117507,60.39122111694589,0.01177347426175333,2.555893857751918,1.5865709189231644e-07,0.1097731532754164,0.0968260475529274,0.8820558093106345,0.8502573249040062,0.009955710592032842,0.01294710572248861,506.7968733197825,509.00057031349394,60.39122111694589,0.0,3.929485309083286e-16,2.0498948849357588e-16,2.6196568727221906e-16,True,Convergence achieved,True,PASSED
500.52002672423134,62.314373329673565,0.010217648909939222,3.503763465788707,9.988209602351673e-08,0.0952934857894123,0.08239318224348048,0.8646255466565708,0.8035631182628545,0.0075381850865065105,0.012900303545931484,502.5980714321574,505.2017905167267,62.314373329673565,0.0,1.9115904948423232e-16,0.0,3.8231809896846464e-16,True,Convergence achieved,True,PASSED
479.15162437654413,49.952798591058006,0.012062540929478782,2.9682103432961324,2.1159527056982284e-07,0.0305214016545851,0.027643495512801403,0.9057085852624421,0.8476588007759264,0.010944298706887732,0.0028779061417841035,480.244091348842,480.5762633806507,49.952798591058006,0.0,4.280035823530609e-16,0.0,4.280035823530609e-16,True,Convergence achieved,True,PASSED
482.069130716163,54.725401478414994,0.02404993176991541,3.6991131906369326,1.6122472478442868e-07,0.021322237719137188,0.01928441726165931,0.9044274581157506,0.6901499404926938,0.0045926751470980335,0.0020378204574781887,483.1307794095728,483.6418084783053,54.725401478414994,0.0,3.3894740517589566e-16,7.330349469355577e-16,3.3894740517589566e-16,True,Convergence achieved,True,PASSED
463.4930317503894,30.633006619531354,0.01952044066669537,2.892279955034488,7.656104521268138e-08,0.00492219463782227,0.004608549934470282,0.9362795000137559,0.39629793639530875,0.0015072964473978334,0.00031364470335162116,463.6751690344958,464.046297674112,30.633006619531354,0.0,3.458953375264829e-16,2.3918523995189005e-16,3.458953375264829e-16,True,Convergence achieved,True,PASSED
491.7121404140772,44.059969489513826,0.01192097803363528,3.9066252996911843,2.413759413202367e-07,0.07934009771371262,0.07376422122460327,0.9297218348630064,0.8543292835971359,0.011099101846905648,0.005575876489109523,494.10945851619016,494.8451249577651,44.059969489513826,0.0,1.7850125365511696e-16,3.6553544803844347e-16,1.7850125365511696e-16,True,Convergence achieved,True,PASSED
505.9616708068008,51.973076260578324,0.026427201397416316,3.187279327992576,5.4976416751870155e-08,0.054421441479450786,0.04924602983728538,0.904901239263942,0.3965790058863224,0.0013360561821113158,0.0051754116421656995,507.855536837717,513.0602139796493,51.973076260578324,0.0,2.748596660504226e-16,5.174187219233196e-16,2.748596660504226e-16,True,Convergence achieved,True,PASSED
520.6794173075903,48.61057620000919,0.02877737396992901,3.6522653163078242,9.138045829760447e-08,0.2032849488590927,0.1858648909836558,0.914307193064689,0.5854891915434673,0.0018267993660805693,0.017420057875436802,524.6919643476019,555.4583023443375,48.61057620000919,0.0,0.0,6.142868769115421e-16,0.0,True,Convergence achieved,True,PASSED
496.89177980915156,69.1884513697362,0.01759974090092583,3.214098808044095,1.6892706208832206e-07,0.06791521953575093,0.05944561493821454,0.8752915082152146,0.8123765768372042,0.008244919842172495,0.008469604597536056,499.81178414729703,500.7648633417463,69.1884513697362,0.0,4.153638495902753e-16,3.876954702363744e-16,4.153638495902753e-16,True,Convergence achieved,True,PASSED
521.2343271801133,40.368650336953166,0.02777058297111285,3.996252509000309,2.4771107917218526e-07,0.2846520243278965,0.2632626676590549,0.9248578796537823,0.7875393056457131,0.004281115149946734,0.02138935666884128,532.6544055447492,557.7681550293423,40.368650336953166,0.0,1.5604851594736874e-16,6.247794025864712e-16,3.1209703189473747e-16,True,Convergence achieved,True,PASSED
485.60133600016735,33.900280365040025,0.015528894717115872,2.7668519945244086,1.024834581330224e-07,0.02234496594735526,0.020797613700367812,0.9307516399607342,0.5734551833818838,0.0027922422106978523,0.0015473522469876043,486.3785325410396,487.7982201216143,33.900280365040025,0.0,2.1039638378864517e-16,1.5208358394667946e-16,4.2079276757729035e-16,True,Convergence achieved,True,PASSED
496.61500059306815,35.27013686378117,0.012357805931506831,3.6025871181804665,1.765383402111043e-07,0.07497716138521084,0.0704212292381026,0.9392357344164981,0.7681926866119142,0.006252210224129378,0.004555932147108026,498.8597263270518,500.98667247009985,35.27013686378117,0.0,1.6152171284264839e-16,0.0,3.2304342568529677e-16,True,Convergence achieved,True,PASSED
481.40682989067983,59.81413219060077,0.0221785568914444,3.329617504877071,6.062273296654831e-08,0.01462671933462512,0.012703153372475727,0.8684895827873598,0.48312819914185423,0.002047002220099994,0.001923565962148642,481.88841411830913,482.8141496880973,59.81413219060077,0.0,6.772928612508333e-16,8.1365845807666e-16,8.466160765635416e-16,True,Convergence achieved,True,PASSED
476.1215669154584,36.25322490586939,0.019304262653407813,3.9476468635980835,1.2381763923659292e-07,0.014776855955590194,0.013804413376467302,0.9341915098823935,0.5766875149725176,0.0029139114855485444,0.0009724425791227426,476.64051694551773,477.2705686763789,36.25322490586939,0.0,1.1115160572594414e-16,2.2525136531515384e-16,1.1115160572594414e-16,True,Convergence achieved,True,PASSED
473.8901253730124,46.571092359698675,0.022128783183688085,2.518680095955744,1.018705575106869e-07,0.008977485994669241,0.008092583844984427,0.9014309629432915,0.5547351185854774,0.0026855753186656576,0.0008849021496846142,474.3456352341075,474.88675221175373,46.571092359698675,0.0,2.758369909560225e-16,1.0951648500297246e-15,1.3791849547801126e-16,True,Convergence achieved,True,PASSED
484.9772135967637,62.23106923624503,0.022504746424477452,2.763827513857701,1.1316756388912403e-07,0.01995203417321765,0.017404722244492136,0.8723282094140952,0.6551913909749685,0.003910899513033582,0.002547311928725912,485.9698882577596,486.80557351272085,62.23106923624503,0.0,4.3518819261488167e-16,2.0994469465882297e-16,2.9012546174325443e-16,True,Convergence achieved,True,PASSED
503.2132862881991,31.40559470549132,0.02307382797602588,3.5737921335436167,7.010068425669976e-08,0.05469487464838884,0.05195572616354698,0.9499194668156552,0.36423985634211714,0.0011810709073937571,0.0027391484848422404,504.83180714658334,509.95513219652554,31.40559470549132,0.0,3.4386425159015663e-16,3.848732536653674e-16,1.7193212579507831e-16,True,Convergence achieved,True,PASSED
474.80051799031787,62.94558470865904,0.017705561088410586,3.1608962772118683,1.146173405669695e-07,0.014071112809685878,0.012142313896617346,0.8629249200716698,0.7123690647849752,0.005104753153134492,0.001928798913068197,475.3259638456794,475.7606309371928,62.94558470865904,0.0,4.0766877802638923e-16,5.1589010492426735e-16,2.0383438901319462e-16,True,Convergence achieved,True,PASSED
495.1041664098805,60.846861706012376,0.014573208051823909,3.710368741922163,1.5146241904202448e-07,0.06843004576646317,0.06073927206908417,0.8876111566018022,0.8044489627123416,0.00786745427260079,0.007690773697378477,497.3196506317639,498.54001256064646,60.846861706012376,0.0,4.205244587222364e-16,0.0,5.606992782963152e-16,True,Convergence achieved,True,PASSED
516.6351885636738,55.37344006788623,0.025850353425489497,3.7734153745221817,2.3813113681554137e-07,0.314489521449456,0.28917491930501893,0.9195057373366083,0.8404941302441663,0.006058227647492508,0.025314602144436836,530.6905953347455,545.2134532583316,55.37344006788623,0.0,1.6016329785664145e-16,5.093421697639291e-16,1.6016329785664145e-16,True,Convergence achieved,True,PASSED
473.0876824461599,33.99048288415343,0.016276867399369503,3.6478308698551114,1.3037033687155097e-07,0.013187837854098038,0.012329744987752305,0.9349330135963473,0.6171563297990004,0.0034120254090590956,0.0008580928663462045,473.5235335230179,474.065073213881,33.99048288415343,0.0,4.953472387825486e-16,4.073768136094177e-16,3.7151042908691147e-16,True,Convergence achieved,True,PASSED
487.631672354525,56.43717437102859,0.012711170797742992,2.768233609531147,2.0086691649136168e-07,0.04780639159159716,0.04273288678859105,0.8938739228355103,0.8522311221843968,0.01109381488262132,0.0050735048030055956,489.4803172511658,489.99357580782635,56.43717437102859,0.0,5.142597333818526e-16,0.0,5.142597333818526e-16,True,Convergence achieved,True,PASSED
499.73290865729473,65.72435192187038,0.01136375231296031,2.5619176379798096,1.2046575149036978e-07,0.08028317540121932,0.06878781454577279,0.8568148208139759,0.8243679458186722,0.008583369896551495,0.011495360855446606,502.2291059212062,504.3538911467207,65.72435192187038,0.0,1.359353401924375e-16,8.489599395529596e-16,1.359353401924375e-16,True,Convergence achieved,True,PASSED
510.9650257698158,61.37409106393385,0.0239460533999496,3.5348186345223387,1.8087378863367163e-07,0.14607047983710203,0.13230277794006318,0.9057461719000768,0.7695080132609491,0.005674159761236756,0.01376770189703959,518.422885123182,522.1567574300824,61.37409106393385,0.0,6.570315544873499e-16,1.6728677201808447e-15,8.212894431091875e-16,True,Convergence achieved,True,PASSED
498.5312289941917,42.751434191325615,0.020968053932762108,2.990745997386269,2.364124336720032e-07,0.06489343577295975,0.06061718511081136,0.9341034942716051,0.7582233844402225,0.005970567479277504,0.004276250662148047,502.29659800886475,503.66381033636173,42.751434191325615,0.0,3.3016133927000526e-16,6.623658569973102e-16,3.3016133927000526e-16,True,Convergence achieved,True,PASSED
494.30133203965073,31.743847794865466,0.020778195776069305,2.6552401951445144,1.0149989174028848e-07,0.030738659420538973,0.028991964388228354,0.9431759528477238,0.48206766853508837,0.0019272628258455594,0.0017466950323104544,495.61003717193836,498.19788108369244,31.743847794865466,0.0,1.525837720750063e-16,2.2986059393651467e-16,1.525837720750063e-16,True,Convergence achieved,True,PASSED
519.4910023286136,51.05540726585847,0.01501159336455398,3.5926503824371943,5.5557082431484233e-08,0.18795780190787828,0.16979264681494946,0.9033551419066254,0.6542197477124414,0.0022487839482779595,0.018165155092929604,520.8685781083155,546.887580903484,51.05540726585847,0.0,7.960825585157037e-16,2.954485681499033e-16,7.960825585157037e-16,True,Convergence achieved,True,PASSED
492.37369235087186,41.95503916823363,0.019377714060849274,3.548243281813324,5.1738485782144435e-08,0.02893300508657823,0.026496511415077532,0.9157884338592157,0.39079147774637835,0.0013972711245918065,0.002436493671499973,493.12038007697765,495.39121141217873,41.95503916823363,0.0,6.107488507653396e-16,3.4425421385041973e-16,6.107488507653396e-16,True,Convergence achieved,True,PASSED
486.9335721598857,48.5191859404874,0.025570632376531,3.4320374361053165,1.0229845342229171e-07,0.021534611253817778,0.019624871627772583,0.9113176642226772,0.5324750177524624,0.0024269432759546727,0.001909739626045182,487.93392016356773,489.0655325882567,48.5191859404874,0.0,0.0,0.0,0.0,True,Convergence achieved,True,PASSED
500.61790839286346,68.6528470650068,0.02723227776897416,2.6214978407709224,1.5673420521497236e-07,0.052405007785935036,0.046056876634887715,0.8788640357238653,0.716601487766598,0.004893809076873024,0.006348131151047621,504.2148037470292,505.6267431113067,68.6528470650068,0.0,3.460395808173315e-16,3.5200189798421417e-16,3.460395808173315e-16,True,Convergence achieved,True,PASSED
511.3802130274619,57.63143345413577,0.021382012940227905,3.7817338813982766,1.0434238500352547e-07,0.11591252671470881,0.10431718908714613,0.8999647582862016,0.6717364500750456,0.0034541860026381334,0.011595337627563039,515.1146799715442,521.9000978056134,57.63143345413577,0.0,3.879422411315252e-16,0.0,3.879422411315252e-16,True,Convergence achieved,True,PASSED
505.57869166168405,38.92141292170302,0.012295857449414593,3.2700260334120284,5.132722565884347e-08,0.0718986154333894,0.0657515284452636,0.9145034024497954,0.516222188378744,0.0020010396991636432,0.006147086988125385,506.79788951816545,513.1404806648824,38.92141292170302,0.0,4.518176813003372e-16,3.6845185262242827e-16,4.518176813003372e-16,True,Convergence achieved,True,PASSED
518.4874156305598,35.06358191596596,0.013293982544458082,2.778260381618309,1.897325107173678e-07,0.234379338820552,0.21709284703576084,0.9262456670806368,0.8355422704407898,0.005858664858893618,0.017286491784791226,525.2706803475405,549.0416932954289,35.06358191596596,0.0,0.0,1.7745739015470105e-16,1.2325570912304723e-16,True,Convergence achieved,True,PASSED
466.1733566449422,57.83804765166627,0.025339191940110205,3.878407400310916,1.5795406515065353e-07,0.00808231619864435,0.007220588068760811,0.8933810421785041,0.6821427360422492,0.004523946030609407,0.0008617281298832213,466.57112906369287,466.7453242532488,57.83804765166627,0.0,3.339762318664344e-16,1.7222338831122326e-16,3.339762318664344e-16,True,Convergence achieved,True,PASSED
477.95989688826046,57.90982871670194,0.02595438123167237,3.665260250695908,1.4635313900138648e-07,0.015286815769110037,0.013690349892855076,0.895565832651644,0.6615103267254101,0.004091664912099204,0.0015964658762546977,478.74577598670277,479.154189430455,57.90982871670194,0.0,3.118138863024695e-16,3.4029112802373757e-16,4.677208294537042e-16,True,Convergence achieved,True,PASSED
491.10594782945714,69.71854108410898,0.018261891313648193,3.768645721651417,1.905756140448912e-07,0.05463795542562891,0.04813531191734617,0.8809866976605021,0.8230513866876271,0.009074092353384595,0.006502643508282336,493.35231403291596,493.78994043734684,69.71854108410898,0.0,4.529805560600785e-16,2.4039434296391377e-16,3.3973541704505885e-16,True,Convergence achieved,True,PASSED
493.44446762584914,64.62929156850649,0.024825294202030654,3.551575849490718,8.454574463059024e-08,0.03209659183938941,0.0280580806748874,0.8741763242430641,0.5704105562661562,0.0027469491439147727,0.004038511164502054,494.71935156552564,496.35271793070393,64.62929156850649,0.0,1.590258188794148e-16,5.373135496533523e-16,1.590258188794148e-16,True,Convergence achieved,True,PASSED
464.8832097038593,30.990324215602985,0.01309798128964494,3.6343805762438857,1.427117430179143e-07,0.009376978116474371,0.008792395288189193,0.9376576524949196,0.6681910416046873,0.004235183829031378,0.0005845828282847537,465.15313610532615,465.4784685088663,30.990324215602985,0.0,4.603401435175925e-16,5.066504554053631e-16,4.603401435175925e-16,True,Convergence achieved,True,PASSED
485.14791148621964,60.518087340534294,0.02374087505738755,3.248958361673474,1.9314087167800297e-07,0.027081552812262034,0.024258921750424392,0.8957729240488799,0.7528255443193499,0.006154238718419455,0.0028226310618379383,486.70399001003614,487.0934094938173,60.518087340534294,0.0,3.1046740276531356e-16,5.733543521414623e-16,3.1046740276531356e-16,True,Convergence achieved,True,PASSED
484.0497529381098,51.32957348207759,0.014750600976207121,2.608518781923301,2.1803130360307342e-07,0.0331595364735608,0.030027306027505866,0.9055405841227073,0.8282256403129841,0.009457232707763446,0.0031322304460542753,485.60683011247266,486.01104042431314,51.32957348207759,0.0,6.36562088683981e-16,4.880640255268807e-16,8.487494515786413e-16,True,Convergence achieved,True,PASSED
479.059727336764,49.886876909927686,0.02022845637390839,3.9191990584113117,1.1594729565136226e-07,0.017689188695264903,0.015999292935291322,0.9044673111307737,0.6306084860348703,0.0035820307200413568,0.0016898957599737956,479.70544132755106,480.34503359965504,49.886876909927686,0.0,4.2185374562915e-16,6.458264650637359e-16,2.10926872814575e-16,True,Convergence achieved,True,PASSED
506.0859093659814,34.888855365922375,0.012429988230041785,3.2527573289936997,2.0970466196625315e-07,0.1399583834550289,0.13204214848375867,0.9434386510057486,0.8106410043554245,0.007198094009268456,0.007916234971271202,510.6776644983161,515.06336342941,34.888855365922375,0.0,8.902693035228634e-16,1.8246453976905075e-16,8.902693035228634e-16,True,Convergence achieved,True,PASSED
519.0339731133506,66.96420607922585,0.0199720108764857,3.4684792316499182,1.1540834286348221e-07,0.23852183537406724,0.21105460940455673,0.8848439769615432,0.8086165042715965,0.004602233731287811,0.027467225969511146,524.9318871332655,544.3064718876539,66.96420607922585,0.0,5.821829263710497e-16,0.0,5.821829263710497e-16,True,Convergence achieved,True,PASSED
503.9664889516045,50.14528448134023,0.01530699001425521,3.9792534426870314,1.6966341201164778e-07,0.11753077346218635,0.10781913950940873,0.9173694372401808,0.7919705398069479,0.006869679728083382,0.009711633952777255,507.8296924573589,510.5069225284854,50.14528448134023,0.0,4.2321977566246285e-16,2.836175389902144e-16,2.8214651710830857e-16,True,Convergence achieved,True,PASSED
485.4293993515801,56.57753513731829,0.01797759236169922,3.2000816953323272,1.5618036610686484e-07,0.02964123728808953,0.026452128915430122,0.8924097418179914,0.7541024006996425,0.006140231892566457,0.0031891083726597698,486.706139114621,487.38245296343104,56.57753513731829,0.0,2.0264060312759238e-16,5.06588574718367e-16,2.0264060312759238e-16,True,Convergence achieved,True,PASSED
471.7190234372469,65.30634099676782,0.02068170207270587,3.5369826045877746,2.39390364973863e-07,0.016191026710635194,0.01437674595516419,0.8879452929147534,0.8241393260445538,0.009472911149915,0.0018142807554694545,472.5340750180446,472.5847848778482,65.30634099676782,0.0,1.7124725000746485e-15,2.1518310209805793e-16,1.7124725000746485e-15,True,Convergence achieved,True,PASSED
495.9809372579333,45.841581315627415,0.018607548488401154,2.910396249483285,6.557077214502386e-08,0.03439876907938673,0.031087846820712254,0.9037488158069392,0.4939092046335031,0.0020084102616370336,0.003310922258674631,497.0452362866557,499.81768726733293,45.841581315627415,0.0,1.8227699846056346e-16,1.2525923127678928e-16,1.8227699846056346e-16,True,Convergence achieved,True,PASSED
511.8555040029169,65.95028742300478,0.022449667983919248,2.8732857787547528,6.876287894933463e-08,0.08548505063636631,0.07428717061720838,0.8690077395310725,0.5890293095698393,0.0024705198483533893,0.011197880019158413,514.4608439568717,522.2877582712745,65.95028742300478,0.0,4.489429269768626e-16,2.0832963213353089e-16,4.489429269768626e-16,True,Convergence achieved,True,PASSED
489.42130750612074,37.02080119773952,0.01034979083711267,3.874549954485609,1.2714078601424061e-07,0.04998169645073331,0.04632009087099663,0.9267410704367451,0.7426140062845217,0.005670788190017169,0.0036616055797362218,490.5503440278621,492.04961674067584,37.02080119773952,0.0,6.127657341546965e-16,6.326058420749393e-16,6.127657341546965e-16,True,Convergence achieved,True,PASSED
464.12537363592105,46.37342793270784,0.025977930094182148,3.348965342241496,1.0630331981738546e-07,0.005350100394576143,0.004860623387287728,0.90851068742849,0.5179620232261735,0.0023813495476962617,0.0004894770072883285,464.38775748823014,464.64846920287783,46.37342793270784,0.0,1.4520503073271018e-16,6.937308255833931e-16,1.4520503073271018e-16,True,Convergence achieved,True,PASSED
464.39449576290787,51.23382402660375,0.013566765388295314,3.2262423560918134,8.039384295064037e-08,0.00746555481968169,0.0065037238166907345,0.8711641631167945,0.642435878377372,0.0038083078463080856,0.000961831002991166,464.5877316628297,464.9100624998,51.23382402660375,0.0,2.7019564429871807e-16,1.674986653054956e-16,2.7019564429871807e-16,True,Convergence achieved,True,PASSED
481.3775392926208,47.87200491569078,0.012878340611759017,3.8636288251173174,7.626360162638813e-08,0.0228755774801349,0.020372989639446847,0.8906000146723584,0.6305898837944038,0.0035478650210858114,0.002502587840688089,481.87702649863826,482.84881623671737,47.87200491569078,0.0,0.0,6.782586888966406e-16,0.0,True,Convergence achieved,True,PASSED
521.0605967498091,30.171949932509452,0.019402871885694402,2.7886976567873294,1.979847544405474e-07,0.1824968511533079,0.16956406557797507,0.9291341987897155,0.7431357786512235,0.003636384626740671,0.01293278557533323,527.5292350105005,552.1015061343538,30.171949932509452,0.0,3.3873041100957024e-16,4.858617931350775e-16,1.6936520550478512e-16,True,Convergence achieved,True,PASSED
510.82544308304125,68.52520623285046,0.014391862869192107,3.3103099685731254,2.0297648620184456e-07,0.24170240573425816,0.2153745673893521,0.891073329349264,0.883013139466726,0.011670872304148743,0.02632783834490612,519.7948978746258,522.2269468534543,68.52520623285046,0.0,0.0,1.0986291666147827e-15,1.298858243575036e-16,True,Convergence achieved,True,PASSED
471.9380727383038,52.799953752737935,0.012908400675202185,2.6769866658987573,1.6208665821422571e-07,0.015443688842843879,0.013691651126227715,0.886553158740426,0.8047843716155922,0.00829847849972742,0.001752037716616391,472.51484030331807,472.8182517048151,52.799953752737935,0.0,1.2353496088872288e-16,5.537642564861169e-16,2.4706992177744577e-16,True,Convergence achieved,True,PASSED
483.58491014057677,44.85758260280173,0.029039770767166528,3.0032369439737137,1.8123782214026533e-07,0.018243614280672577,0.01689706324317715,0.9261905554031632,0.6256127579639986,0.0035015601081805283,0.0013465510374953574,484.8655604255526,485.4593334628097,44.85758260280173,0.0,1.1956893810023766e-16,6.370136773399213e-16,1.1956893810023766e-16,True,Convergence achieved,True,PASSED
479.58502710558895,39.804353324163195,0.02708953865774863,3.838035427264537,1.7075178674223595e-07,0.01646113963341378,0.015419993637139834,0.9367512809283082,0.5961479900168385,0.003142963378339677,0.0010411459962736626,480.472093000166,481.0199914293493,39.804353324163195,0.0,3.0981161175598905e-16,4.843284294175462e-16,1.5490580587799452e-16,True,Convergence achieved,True,PASSED
469.2708834723701,50.62713390929875,0.021358828406447844,3.789959877752575,7.146353845938937e-08,0.008006634399503599,0.007139296078469609,0.8916725458217567,0.4885550905819116,0.0021249472788751472,0.0008673383210341955,469.5274150452395,469.956135486643,50.62713390929875,0.0,1.9451572180841095e-16,0.0,3.890314436168219e-16,True,Convergence achieved,True,PASSED
501.27228920145467,52.84131675221085,0.027453661530488064,3.1857258848578858,1.3882948482764467e-07,0.05338092179788651,0.048680432707865075,0.911944400139455,0.6289583237851818,0.003315065096645991,0.004700489090021767,504.31212784008306,506.68446464808204,52.84131675221085,0.0,3.9672724247017864e-16,3.3208736454141087e-16,3.9672724247017864e-16,True,Convergence achieved,True,PASSED
513.6743395252594,38.499583720124015,0.015790416867407387,3.5830607833846124,2.4187423689297516e-07,0.24333282870900544,0.22930988909233427,0.9423713615171871,0.8410459439034649,0.007088204156925663,0.014022939616671526,521.8987245441948,532.1841020852861,38.499583720124015,0.0,3.7761874177508504e-16,0.0,2.517458278500567e-16,True,Convergence achieved,True,PASSED
496.1116857432159,66.84779156232591,0.0152054031916887,3.0411439226153694,2.0870052485784125e-07,0.08042248438428251,0.07110817271649059,0.8841827414422414,0.8585794006650135,0.01136452410405505,0.009314311667791723,499.52161397188047,500.0334698933672,66.84779156232591,0.0,1.1525947625304842e-16,0.0,2.3051895250609685e-16,True,Convergence achieved,True,PASSED
481.0325934495856,38.05681961610688,0.024192412102210938,2.5477403009794393,2.429131918163445e-07,0.017630795618930398,0.016539069471615212,0.9380784525604292,0.6993767140738592,0.004776338631221611,0.0010917261473149626,482.3269867904883,482.7695428824053,38.05681961610688,0.0,2.543916811922864e-16,3.9939970505547915e-16,2.543916811922864e-16,True,Convergence achieved,True,PASSED
519.8043061031437,62.609565540504825,0.028439632390622045,3.9358312219583005,9.537568487169367e-08,0.2154018189017088,0.19420435043540762,0.9015910423858832,0.6620467576629112,0.0025088399394468607,0.02119746846630202,524.8017991145671,546.7480957545195,62.609565540504825,0.0,9.032081192104757e-16,1.5298896527395267e-16,9.032081192104757e-16,True,Convergence achieved,True,PASSED
522.1477538178641,47.59809027125534,0.012234604009276426,2.66512375909752,1.36122820766385e-07,0.2820540889849166,0.24965461494019384,0.885130280644659,0.8524064382106238,0.00607349353566059,0.03239947404472389,529.2029936058201,561.9484122976157,47.59809027125534,0.0,1.1692610974988488e-15,3.899793374431149e-16,2.5983579944418864e-16,True,Convergence achieved,True,PASSED
522.2682919667825,46.773978923787936,0.025780096519745235,3.9534186615464626,5.73697345715692e-08,0.20252361298738367,0.18469561100237158,0.9119707488819006,0.46470474696441416,0.0012326849845481532,0.01782800198501112,524.5036364574662,559.0217329041539,46.773978923787936,0.0,9.999355470153042e-16,5.058586669513814e-16,4.999677735076521e-16,True,Convergence achieved,True,PASSED
499.57170674442284,68.22293197699949,0.022237702736012572,2.6350751206090153,1.777288136326124e-07,0.061454153204129794,0.05403396469649834,0.8792565169194637,0.7798159459618498,0.006746657179672271,0.007420188507631541,503.3171971580455,504.3649823388929,68.22293197699949,0.0,1.4178285912707503e-16,2.1522401091063595e-16,1.4178285912707503e-16,True,Convergence achieved,True,PASSED
516.0886255590929,61.45077536199386,0.010580114997479214,3.237609052887121,7.57369076297152e-08,0.1920498043330369,0.16664890370267285,0.8677379510040222,0.7828506491121414,0.005296654992941613,0.025400900630364102,519.8664540343187,532.1445862904753,61.45077536199386,0.0,0.0,4.2920655426270886e-16,1.737003782049292e-16,True,Convergence achieved,True,PASSED
510.604518155421,61.868589569880164,0.013799592922768195,3.9569653416742745,2.3297235395896431e-07,0.28954114796290337,0.26362943499724684,0.9105076665338884,0.8932271075010657,0.01266349055185492,0.02591171296565695,519.992293576707,522.3267395673979,61.868589569880164,0.0,4.673487940512819e-16,4.72431526381312e-16,4.673487940512819e-16,True,Convergence achieved,True,PASSED
496.75521700744156,52.53489303324921,0.015362962822109546,2.6970901748358234,2.307742734557592e-07,0.07499197997250466,0.06831439324363246,0.9109559884760943,0.839475690858545,0.009749946768892266,0.006677586728872204,500.3938056942471,501.1939796949748,52.53489303324921,0.0,0.0,4.64345357115913e-16,2.0873021673466004e-16,True,Convergence achieved,True,PASSED
497.7728503538461,58.84812467619648,0.01803942484406048,3.456209062291441,1.448177589187642e-07,0.06299101691840214,0.05624849551886967,0.8929605882015345,0.7538492169220152,0.005870366611748834,0.006742521399533006,500.27212719658536,501.9086793452905,58.84812467619648,0.0,6.427830050881115e-16,3.719584050057153e-16,6.427830050881115e-16,True,Convergence achieved,True,PASSED
520.7990539731314,51.61103980138783,0.028872255949151833,2.936183277788718,5.858197009093372e-08,0.17231717968835403,0.15561242372144224,0.9030580932375817,0.46047579085534773,0.0012227537770539282,0.01670475596691125,524.1847649444414,556.5410806512407,51.61103980138783,0.0,4.729931426039479e-16,9.665469036255103e-16,4.729931426039479e-16,True,Convergence achieved,True,PASSED
495.69095697651227,41.91390266528746,0.02208699229544932,3.620645193208104,1.3550477927142563e-07,0.04395289084030931,0.04086323971412885,0.9297053944095266,0.615369237052814,0.0032024999759099207,0.0030896511261806923,497.56174819570833,499.56620687260204,41.91390266528746,0.0,1.8145389792318991e-16,2.0046581561051683e-16,3.6290779584637983e-16,True,Convergence achieved,True,PASSED
503.7201391862588,33.2904886954421,0.016886694599985767,3.986769955666729,1.4917422034269573e-07,0.08822434839962665,0.08356827608542071,0.9472246335771661,0.6652673618143046,0.0036380956918089942,0.004656072314206059,506.4369889580608,510.71562325040463,33.2904886954421,0.0,0.0,1.2849427082702382e-16,2.5613854920424117e-16,True,Convergence achieved,True,PASSED
484.6170012719506,40.437201130559146,0.029230807477977763,3.5893554557570644,8.083037934636208e-08,0.016777280099767297,0.015619620932506725,0.9309984001950222,0.3823255437997384,0.0013992814944885175,0.001157659167260131,485.42720246025624,486.51421612677325,40.437201130559146,0.0,4.0853794347121434e-16,6.070362934804156e-16,4.0853794347121434e-16,True,Convergence achieved,True,PASSED
489.08572693018687,35.59623993062144,0.022723536091628024,2.8572472839683716,2.351363777869195e-07,0.03107079194425147,0.029349932758951442,0.9446148914263853,0.6953531153588445,0.004591944917287455,0.0017208591853005906,491.0451903704664,491.9481295005317,35.59623993062144,0.0,4.416956095103276e-16,2.0611708431800637e-16,4.416956095103276e-16,True,Convergence achieved,True,PASSED
521.4002080052989,52.88761592695686,0.01518494185478571,2.8947246071260833,9.41205024757785e-08,0.22824421831883934,0.2013197611791279,0.8820366301585798,0.7920126930219765,0.003814489673622315,0.026924457139711064,526.1166365195714,560.8946763714033,52.88761592695686,0.0,4.449322409698162e-16,4.611135441428573e-16,4.449322409698162e-16,True,Convergence achieved,True,PASSED
476.8512127339527,45.65339919385174,0.018822159245032673,3.4463956374146907,1.3064907653774242e-07,0.01551211043465133,0.014132816248856787,0.9110827510153985,0.6555167148342447,0.003969339854180383,0.0013792941857945263,477.4644066859651,478.0260928165783,45.65339919385174,0.0,2.0489856650585185e-16,1.1890600387340107e-16,0.0,True,Convergence achieved,True,PASSED
507.270547769597,37.69435936578768,0.021622873679060843,2.5967494782634293,1.7267178033331837e-07,0.08412979383497972,0.07897375280669568,0.9387132572986358,0.6818838849862193,0.0036795341609423427,0.005156041028283161,511.6501967667579,517.0842765335557,37.69435936578768,0.0,8.656618703543987e-16,0.0,8.656618703543987e-16,True,Convergence achieved,True,PASSED
476.40469315478,33.54715822033671,0.01595711882432663,3.4278634270448842,9.040817719325708e-08,0.013877120276059769,0.012926187105070253,0.9314747474928335,0.5238882320091206,0.0023805492857771854,0.0009509331709893005,476.81079102256234,477.605234523377,33.54715822033671,0.0,2.406799974317423e-16,0.0,3.610199961476134e-16,True,Convergence achieved,True,PASSED
467.73722912188606,54.19930059571131,0.015904788775575184,3.409084876916914,1.7336792422442232e-07,0.01208426361299564,0.01078484421225319,0.8924701212786904,0.78408181926156,0.007406781418419786,0.0012994194007416723,468.1979886071376,468.3954727736592,54.19930059571131,0.0,8.415673112734933e-16,4.231888824753217e-16,7.213434096629943e-16,True,Convergence achieved,True,PASSED
502.5859501155121,31.342636810402087,0.021932488570916883,3.422303812527043,2.4426105121965655e-07,0.0808696883221707,0.07735388871618692,0.956525124815892,0.7002734524971772,0.004313790884014921,0.0035157996059841023,506.6971868163915,509.6874317257909,31.342636810402087,0.0,5.246651024132981e-16,0.0,3.4977673494219866e-16,True,Convergence achieved,True,PASSED
503.48141148978755,48.6667289013567,0.022054759542132013,3.1372310240766974,1.8882433194700055e-07,0.08097565054496898,0.07467292293149222,0.9221651500042376,0.7356351635799288,0.005144569237741466,0.006302727613476947,507.83475188795336,510.2343385345121,48.6667289013567,0.0,0.0,2.0745370522838807e-16,1.6270755002554032e-16,True,Convergence achieved,True,PASSED
472.57684385828094,45.94612374741374,0.027348414367680908,3.071598221282014,9.877284410392614e-08,0.008127826916893002,0.007408615511503614,0.9115124604961047,0.4836064264408086,0.0020804229712613627,0.0007192114053893938,473.0124668228425,473.4763294330365,45.94612374741374,0.0,1.291317464377416e-16,0.0,0.0,True,Convergence achieved,True,PASSED
500.24677220931443,67.90817162696554,0.013608470886538653,2.7284979787344614,9.622093310009627e-08,0.06597174006586023,0.05595191152540062,0.8481193836867623,0.7604821066230513,0.005936198029623573,0.010019828540459564,502.29848643001424,504.84868551517604,67.90817162696554,0.0,1.188214500322871e-16,6.96772808825164e-16,1.188214500322871e-16,True,Convergence achieved,True,PASSED
512.600852887238,45.73244141906744,0.010030398675348029,3.2735233601935128,1.857197645979266e-07,0.26466247349690686,0.24388218106680543,0.921483797247348,0.8797878982519026,0.01012910316751878,0.020780292430101554,519.2552325331235,527.3555609850823,45.73244141906744,0.0,0.0,4.515571196909026e-16,0.0,True,Convergence achieved,True,PASSED
480.85248068829657,47.73483421766088,0.02426121764718412,2.657549723514529,8.71286562940048e-08,0.012739757862633386,0.011498866016605701,0.9025969049484531,0.4964862863704621,0.002144908124128621,0.0012408918460277796,481.48907565227057,482.357652257673,47.73483421766088,0.0,0.0,3.936284618660089e-16,1.3076090124993267e-16,True,Convergence achieved,True,PASSED
505.2905549564911,34.598519307226105,0.01115671439986503,3.031765373968173,9.937685942298579e-08,0.0899387007915642,0.08360825393577545,0.9296137613722119,0.6811508553957424,0.0037833862800375796,0.006330446855788236,507.49128719869884,513.2755791915059,34.598519307226105,0.0,4.701651709353794e-16,6.203186763360865e-16,4.701651709353794e-16,True,Convergence achieved,True,PASSED
501.65996176234455,52.36417479428475,0.020847066679253085,2.6031258344190804,1.8017028500949877e-07,0.06743175973181503,0.06132930808533169,0.9095018182714872,0.7497902112973929,0.005582166137330449,0.006102451646483199,505.5888787899694,507.5909194126085,52.36417479428475,0.0,1.499114256224282e-16,2.303560183534236e-16,2.998228512448564e-16,True,Convergence achieved,True,PASSED
486.0989164690007,34.98019490324397,0.010695804073501916,3.1210364227027663,1.0979862352681745e-07,0.032543658822458243,0.030083492741766152,0.9244041337173007,0.6906341296711648,0.004479260031704368,0.0024601660806923597,486.931274375408,488.31800975207415,34.98019490324397,0.0,3.3418986448754944e-16,2.141531332711244e-16,3.3418986448754944e-16,True,Convergence achieved,True,PASSED
482.5799214214165,35.92775823109644,0.014140885003716125,2.5940191511624864,9.737293416910702e-08,0.018963449082636582,0.017468772562109085,0.9211811884002321,0.5979763763836803,0.003089717517160618,0.001494676520526008,483.2183397788408,484.38592603555674,35.92775823109644,0.0,1.5431285153282024e-15,5.09896615055553e-16,1.3226815845670307e-15,True,Convergence achieved,True,PASSED
490.64270768845006,30.031600579203243,0.027930956246744243,3.973734564241581,2.3335610345157885e-07,0.03434819037725773,0.032983328694501275,0.9602639420660602,0.6015967621885423,0.0031334648197479994,0.0013648616827567133,492.5920027519838,493.72189594810004,30.031600579203243,0.0,1.5445325315120335e-16,3.1094830448129236e-16,1.5445325315120335e-16,True,Convergence achieved,True,PASSED
502.3665270193536,34.357473331299744,0.01602114630152433,2.5226458421779667,8.303849576381917e-08,0.05185789418657172,0.048315158224574876,0.9316837673884044,0.5364797198330084,0.0021935019342974216,0.0035427359619973793,503.9566037696979,508.94930271017245,34.357473331299744,0.0,5.721328853413688e-16,9.071949391792685e-16,3.8142192356091255e-16,True,Convergence achieved,True,PASSED
510.4314763223066,54.05990566237336,0.022627717063623435,2.9604748310028923,9.384788584048585e-08,0.08728186067129212,0.07863553449178937,0.900937879726635,0.614717872546089,0.002745300670453572,0.008646326179502607,513.6335004219803,520.7593796783484,54.05990566237336,0.0,1.5181223642752744e-16,2.0511876654070308e-16,3.036244728550549e-16,True,Convergence achieved,True,PASSED
513.0871626250199,31.979488029208614,0.029817038838592512,2.7463732311661797,1.5518571305948163e-07,0.10585576354735812,0.10085663317071779,0.9527741314302275,0.5552521960598646,0.0020086477335068413,0.004999130376640455,518.2405150721061,530.5137512687055,31.979488029208614,0.0,2.1795999358136912e-16,1.587256903817241e-16,0.0,True,Convergence achieved,True,PASSED
494.72726463195653,53.14546611101033,0.024877166505290843,3.1285368671281146,1.0908727031685117e-07,0.034122566112821454,0.030783314658015884,0.9021394978394921,0.5876413394756932,0.002903302744500189,0.003339251454805865,496.392830155161,498.1781706611759,53.14546611101033,0.0,2.8788929090134533e-16,5.521225476219831e-16,2.8788929090134533e-16,True,Convergence achieved,True,PASSED
485.3226414918533,33.4947649658715,0.0127298279897198,3.9251821215538056,9.902571848233174e-08,0.029995742638516672,0.027988402508115576,0.9330791654471554,0.6121648651285656,0.0032564654786103736,0.0020073401304019347,486.0208605885498,487.37276492935905,33.4947649658715,0.0,1.0067491552070103e-15,1.7098979937411296e-16,8.389576293391753e-16,True,Convergence achieved,True,PASSED
473.232725448776,57.37097690062325,0.0214739915679122,3.9108346514551644,8.747675186386677e-08,0.011166406200304431,0.009832737526531955,0.8805641985569175,0.576381627044236,0.0029306235215024205,0.00133366867377235,473.61143155626297,474.08601315987204,57.37097690062325,0.0,1.9835483611833946e-16,4.0575448219378847e-16,1.9835483611833946e-16,True,Convergence achieved,True,PASSED
497.84220062834845,43.467417091420394,0.01817076522002891,2.571874277737482,8.587162968404784e-08,0.039139910235216555,0.035650497959072026,0.9108477189861899,0.5627921091140684,0.002546285186001203,0.0034894122761454072,499.2960859499252,502.35205877913614,43.467417091420394,0.0,1.0229972300779726e-15,1.3258777057821028e-16,8.524976917316438e-16,True,Convergence achieved,True,PASSED
492.21791688903596,40.26572263931859,0.02460089075282518,3.8597714514220924,2.3984836869588334e-07,0.044057145127727786,0.041517334299079264,0.9423518972623992,0.7096029455909052,0.0048978990868785675,0.002539810828648646,494.64314080167213,495.5017615974081,40.26572263931859,0.0,0.0,7.102703185111951e-16,1.7134256863637422e-16,True,Convergence achieved,True,PASSED
471.2264740117675,41.743490830708986,0.015859967769016887,3.7782576586283128,2.4736960683926277e-07,0.01744737548775528,0.01622272968257837,0.9298091678008436,0.8011131014884492,0.008159043893397023,0.0012246458051766908,471.9135065670888,472.10878100524303,41.743490830708986,0.0,2.613169161314857e-16,1.3832667845440495e-16,1.3065845806574286e-16,True,Convergence achieved,True,PASSED
468.00245823026466,48.95390995995988,0.012549842719158374,3.828740143319686,7.384801261708467e-08,0.01038743158466806,0.009140388859508717,0.8799469613835644,0.6300561354057045,0.0036128457963211405,0.0012470427251597912,468.2211238174538,468.6400471031647,48.95390995995988,0.0,5.005956492917322e-16,1.7432911107505762e-16,5.005956492917322e-16,True,Convergence achieved,True,PASSED
517.475149394212,49.65158553554874,0.01042997411446796,3.2969457903744113,1.7584432982018637e-07,0.36336311264209836,0.33101909397686075,0.9109870607666881,0.9038351474224678,0.009755543985793355,0.03234401866523824,525.2316544254217,545.3893070758102,49.65158553554874,0.0,7.146722183348815e-16,6.503038846632548e-16,7.146722183348815e-16,True,Convergence achieved,True,PASSED
487.2432885805889,46.41034902427666,0.015577638505271921,2.838795472872386,2.1380502116501642e-07,0.03831829955487338,0.03516413144851151,0.9176850710234543,0.8019476873702943,0.007936492994693891,0.003154168106361364,489.0171845892687,489.6497212489137,46.41034902427666,0.0,4.274876852490533e-16,1.5058770148611915e-16,4.274876852490533e-16,True,Convergence achieved,True,PASSED
497.0184093845325,55.9515585214351,0.028328084572006255,3.92964666276702,5.263857298715633e-08,0.03443400757083395,0.030926992826848545,0.8981525825371598,0.37133635280719374,0.0012963463467543241,0.0035070147439853166,498.246850183611,500.6915150334972,55.9515585214351,0.0,0.0,0.0,0.0,True,Convergence achieved,True,PASSED
522.5244918666383,56.6566703473148,0.010907118874101803,2.8328787887861786,1.5374620131928853e-07,0.39665367105623967,0.3453856418661175,0.8707486330490722,0.9130588531644961,0.008974760522465833,0.05126802919012273,530.791326112692,566.6601958842302,56.6566703473148,0.0,6.096004721529612e-16,0.0,4.572003541147209e-16,True,Convergence achieved,True,PASSED
480.12888483932255,69.03723327627853,0.01621926366356824,3.266335796397998,2.089858410348772e-07,0.030137623242041233,0.026362450105354564,0.8747355388191175,0.8489890045016525,0.011120860095281692,0.0037751731366867463,481.3858022286464,481.5418109474075,69.03723327627853,0.0,0.0,2.7939801883996606e-16,0.0,True,Convergence achieved,True,PASSED
465.71254311617554,36.41282496199858,0.029970294892522207,2.987415642137288,1.9477387329114697e-07,0.0058886438609560545,0.005532248677243018,0.9394775448934904,0.577076812288127,0.002968689090973985,0.00035639518371292917,466.1429934536944,466.3535818219687,36.41282496199858,0.0,1.153986563645482e-16,3.0902604843292173e-16,1.153986563645482e-16,True,Convergence achieved,True,PASSED
492.8395085883128,59.07349248698519,0.017754398821748063,3.04562721545789,2.3877424271458785e-07,0.05954139068461565,0.053750653216998096,0.9027443363174035,0.8369203593194863,0.009872978079838893,0.005790737467617005,495.858526857991,496.19696698594737,59.07349248698519,0.0,5.929272437917302e-16,2.595753197819113e-16,5.929272437917302e-16,True,Convergence achieved,True,PASSED
492.95490208520886,58.1324859103276,0.025159505897910255,2.629855663256482,1.1764343461912861e-07,0.028963283942060228,0.02572816858988253,0.8883028817226197,0.6253086744855124,0.003385587778412386,0.0032351153521776453,494.61982315651113,496.04084009015116,58.1324859103276,0.0,0.0,3.80667309108447e-16,0.0,True,Convergence achieved,True,PASSED
521.5268959210108,62.78819058543442,0.016338732821387772,2.5660494466017885,1.5224600975276134e-07,0.3174159076299655,0.2742119035190868,0.8638883462600601,0.8770860627312984,0.006588818382988652,0.043204004110878644,531.9205916262064,566.4075900710346,62.78819058543442,0.0,0.0,8.852898299819693e-16,1.8930812319228533e-16,True,Convergence achieved,True,PASSED
488.91584885555386,33.373029720044364,0.010663305773972582,2.889149868270182,2.1598450420669932e-07,0.05164486733384204,0.048562254509674385,0.9403113419918228,0.8140340756165697,0.00840046192486331,0.003082612824167369,490.6287658626568,491.7458300703277,33.373029720044364,0.0,3.163465308548011e-16,4.3797870692558694e-16,3.163465308548011e-16,True,Convergence achieved,True,PASSED
468.7164974054836,63.486148876679806,0.029853112308827756,2.732353270482412,1.2246177785739413e-07,0.006410206369811945,0.0055881810497138435,0.8717630490074353,0.6029587660690818,0.0032661314317440813,0.0008220253200977562,469.135713329777,469.3861862524703,63.486148876679806,0.0,4.3376387506706113e-16,4.762530670023621e-16,4.3376387506706113e-16,True,Convergence achieved,True,PASSED
485.0522630032463,44.34419842249103,0.013235522347800595,3.2316462331283144,1.2493200973729946e-07,0.03041167359823979,0.027620998813039494,0.908236724421449,0.7227047305886398,0.005227049066359373,0.0027906747852002125,485.9980244357597,487.02971347430554,44.34419842249103,0.0,1.3865595685870973e-16,0.0,1.3865595685870973e-16,True,Convergence achieved,True,PASSED
505.68591821835776,55.1227870680224,0.029537928643502843,3.18312008776394,1.289169870819226e-07,0.06630951331908388,0.06031327211268971,0.9095719315938882,0.6090773260952924,0.0029733077137354515,0.005996241206394089,509.50641906845993,512.9243411407332,55.1227870680224,0.0,1.228345546272829e-16,1.5435742446471257e-16,0.0,True,Convergence achieved,True,PASSED
521.6170711441845,46.89620179263393,0.019686001583129928,2.944677325582199,1.919033489106394e-07,0.28027506718512396,0.25168918941561164,0.8980077748027788,0.8354173444861639,0.005295980578807078,0.028585877769511346,531.7817417352175,561.9314312628884,46.89620179263393,0.0,1.0428106997164336e-15,0.0,1.0428106997164336e-15,True,Convergence achieved,True,PASSED
502.2283104808672,66.27112773692177,0.028135406709494236,3.0574589746586054,1.3657829306534388e-07,0.05691787119009593,0.050374677071334736,0.885041482016986,0.6730667171647875,0.003988245386122882,0.006543194118761564,505.63296156924235,507.65652675198857,66.27112773692177,0.0,2.501676769356213e-16,4.909325273224083e-16,3.75251515403432e-16,True,Convergence achieved,True,PASSED
485.51483892746484,55.101969910503385,0.02396434667883217,3.406119839396853,9.191582328160027e-08,0.02014818541933101,0.017973014268903742,0.8920413374625644,0.5547289019919839,0.0026435338050154107,0.002175171150427232,486.36277837465656,487.39602245713354,55.101969910503385,0.0,1.5947439806736592e-16,1.8727984402992144e-16,0.0,True,Convergence achieved,True,PASSED
502.13182725865283,41.052230169770105,0.0178611416691577,2.6079097956491495,1.0782820366117822e-07,0.055512299836611406,0.051128646875591606,0.9210327625783425,0.6202838173193945,0.0030572839497786603,0.004383652961019947,504.30679846621985,508.3381620977166,41.052230169770105,0.0,1.752050887241637e-16,8.061862677143053e-16,0.0,True,Convergence achieved,True,PASSED
508.5559983787333,44.92071473214011,0.01135946514987453,3.5623715706433883,1.8601895369352703e-07,0.19061841017171555,0.1763466611124921,0.9251292199616682,0.847404580715532,0.008966859618396387,0.014271749059222993,513.8861367948264,518.4934824050819,44.92071473214011,0.0,5.225457117898514e-16,7.823188591121259e-16,5.225457117898514e-16,True,Convergence achieved,True,PASSED
519.3028713291634,45.227388994664004,0.02766452437675976,3.7710004998570716,1.0485165453267927e-07,0.1945963662626378,0.18022728482755435,0.9261595593430054,0.6103825011923464,0.002043550789646205,0.014369081435083073,523.3422898563095,549.0989794350539,45.227388994664004,0.0,2.991689449738707e-16,1.586682075407891e-16,2.991689449738707e-16,True,Convergence achieved,True,PASSED
463.3226654127702,48.11551543091168,0.025838845406072095,3.304405664086012,2.108660314408351e-07,0.006535451330066194,0.005982584408333908,0.9154049362759624,0.7011115172098393,0.004926797102268522,0.0005528669217322962,463.7269627673599,463.84560740514536,48.11551543091168,0.0,0.0,3.498138335700047e-16,1.4449085162804564e-16,True,Convergence achieved,True,PASSED
472.8297176248393,61.05712738314694,0.019828992672889876,3.0300142105725194,9.251527972048021e-08,0.010225903197077453,0.008819500331714008,0.8624666361241169,0.6279123627321161,0.003570442712492825,0.001406402865363173,473.2214742761614,473.67844787245355,61.05712738314694,0.0,3.525625519625262e-16,3.490701965017284e-16,3.525625519625262e-16,True,Convergence achieved,True,PASSED
509.70414335920043,42.262471710877136,0.015629716252394323,3.9227238803550684,2.3741799317583138e-07,0.19929730092983447,0.18718051641228053,0.9392024655576272,0.8304709088443546,0.007838223420845829,0.012116784517553537,516.740244357079,521.225688218193,42.262471710877136,0.0,4.0977541801320614e-16,1.3928261093109446e-16,4.0977541801320614e-16,True,Convergence achieved,True,PASSED
513.7906515800954,66.00757118145995,0.027149884434907495,3.9001300028236674,9.310052951031651e-08,0.1195992333014314,0.10641329712285326,0.8897489907368832,0.6211027873716639,0.00277588968885198,0.01318593617857773,517.9587084135003,525.8071668733794,66.00757118145995,0.0,3.1309048742422304e-16,6.422154896324947e-16,3.1309048742422304e-16,True,Convergence achieved,True,PASSED
500.0667475925484,53.23689671086701,0.01680617132501654,2.7929981568978075,7.329283218426791e-08,0.04754512620600468,0.042015652667963255,0.883700518238554,0.5970407227372349,0.0028761464465070345,0.005529473538040818,501.53174360400226,504.89859634519706,53.23689671086701,0.0,5.872666789948584e-16,7.00879659306253e-16,7.830222386598112e-16,True,Convergence achieved,True,PASSED
513.6287522847192,45.07354407903423,0.01892708005644485,3.55631275064884,1.6812369989053444e-07,0.17601860553930118,0.16350431690227943,0.9289036031237798,0.7695542782947129,0.004854859603944849,0.012514288637020936,519.8072038514305,529.4274351300672,45.07354407903423,0.0,8.35199372420009e-16,1.1742490480732168e-16,8.35199372420009e-16,True,Convergence achieved,True,PASSED
466.1234060196488,42.905532519568645,0.013059045352843615,3.978237025001981,7.554430707798183e-08,0.009048706096501916,0.008132576366700993,0.8987557204277192,0.5915365973625402,0.003113698045166021,0.0009161297298017219,466.316631745846,466.7037562874383,42.905532519568645,0.0,8.266171457134317e-16,0.0,8.266171457134317e-16,True,Convergence achieved,True,PASSED
464.66726381440964,64.83269355018935,0.026916003651125748,2.899873151057352,6.793376910086046e-08,0.004632701811886448,0.003948242427137918,0.8522548153233889,0.4774837085541813,0.0020532698815147656,0.0006844593847488874,464.87537743500445,465.1627897221832,64.83269355018935,0.0,3.770174203510268e-16,1.733489251480115e-16,5.026898938013692e-16,True,Convergence achieved,True,PASSED
517.1039570763912,53.945723654579275,0.010869460928708077,3.991238516689277,1.1406886826547316e-07,0.28156499468518364,0.25402925180821645,0.9022046653641895,0.8351883288835135,0.006805859540003062,0.027535742876967795,522.5860280508285,536.7890288092946,53.945723654579275,0.0,5.974366175487281e-16,1.9958269930517715e-16,3.982910783658187e-16,True,Convergence achieved,True,PASSED
469.84368748372265,63.23210119713489,0.012450304504647281,3.7759647523086084,2.1739652141307995e-07,0.021715134932129825,0.019178350436035444,0.8831789669268402,0.8745448200217081,0.013830678704383339,0.0025367844960944774,470.49758611818186,470.59069742616697,63.23210119713489,0.0,1.6636095472956094e-16,5.286944099608406e-16,1.6636095472956094e-16,True,Convergence achieved,True,PASSED
467.28634669735305,47.248804838630974,0.02337957060763323,2.581037191641747,6.147409897284228e-08,0.005209234640244583,0.004651869875954983,0.8930044809301294,0.40540008470384536,0.001558089392520865,0.000557364764289734,467.51304840780097,467.92975571756057,47.248804838630974,0.0,1.3285336563578278e-16,2.058914394042921e-16,2.6570673127156556e-16,True,Convergence achieved,True,PASSED
470.1267756397753,56.80951282784272,0.017110385722092256,3.9424656421623157,9.793068596784086e-08,0.011243211851626158,0.009855438355530823,0.8765678780752736,0.6596200980342855,0.004077894023533368,0.0013877734960954654,470.4571060941823,470.83477960917133,56.80951282784272,0.0,1.2527203240657495e-16,0.0,1.2527203240657495e-16,True,Convergence achieved,True,PASSED
470.65782833277774,32.297545002695266,0.023657643097184693,3.6313249243635672,2.2768265193042092e-07,0.010804290243199871,0.010258275262762509,0.949463132871552,0.6479784612191754,0.00389754369261495,0.0005460149804378007,471.23888193621957,471.53714578500046,32.297545002695266,0.0,5.093957186372928e-16,5.611127940874863e-16,5.093957186372928e-16,True,Convergence achieved,True,PASSED
464.0843277166332,53.364113532364556,0.025643628070643597,3.5813732055599505,2.0228989448738051e-07,0.007306313933664139,0.0066182781917725145,0.9058299782710063,0.7163220226072492,0.005282078429465395,0.0006880357418920402,464.50232057108906,464.61488448891066,53.364113532364556,0.0,4.64876633095886e-16,3.4614404878678537e-16,3.0991775539725736e-16,True,Convergence achieved,True,PASSED
512.8334799403844,51.743259037911685,0.017025662453038576,2.6005826346234917,5.836615877483585e-08,0.09062357209267427,0.0807969077552536,0.8915661332862523,0.5704297567062317,0.002150529487722001,0.009826664337420759,514.7079711766775,525.674276033875,51.743259037911685,0.0,0.0,5.642718078559575e-16,0.0,True,Convergence achieved,True,PASSED
507.7024641929092,43.991399015174984,0.025273706184868724,3.2085599863110863,1.1806141131761784e-07,0.07702192776064941,0.07147982452053966,0.9280451242751029,0.5810164915052408,0.0025293414828786226,0.005542103240109516,511.0799175409491,516.6701569394033,43.991399015174984,0.0,1.4443247371217297e-16,3.601178705173057e-16,0.0,True,Convergence achieved,True,PASSED
503.423725568865,61.764421632760104,0.01914326909191835,3.539295043243531,1.9996276096722222e-07,0.1087291875993576,0.09802028644274127,0.9015084965402607,0.8128660973320669,0.007969621751965012,0.010708901156616829,508.4156927425959,509.75662531952514,61.764421632760104,0.0,4.1134153409691284e-16,0.0,6.170123011453693e-16,True,Convergence achieved,True,PASSED
493.53974074755416,49.26117337828496,0.024551312822625945,2.558860439972397,2.2720623228001697e-07,0.03950864062139524,0.03634593821175949,0.9199490956942001,0.7415370985868945,0.005665762854546412,0.003162702409635533,496.45623979101714,497.1791267345828,49.26117337828496,0.0,2.514586000979865e-16,1.9653951905301957e-16,1.2572930004899324e-16,True,Convergence achieved,True,PASSED
466.3260065204472,41.28400853517576,0.02008897663570699,3.2430224592018817,1.582689758288867e-07,0.007955748779223176,0.007326201966318297,0.9208689426507699,0.6589113693753503,0.004079485674256537,0.0006295468129047672,466.69451300134995,466.96001912579703,41.28400853517576,0.0,1.8319675517944351e-16,3.3893707024994607e-16,1.8319675517944351e-16,True,Convergence achieved,True,PASSED
465.90648376292734,63.613627295492684,0.02281358943790996,3.3395075889138077,6.820936953913795e-08,0.005944574056381712,0.005072466583456009,0.8532935304271313,0.5189776819395134,0.002386493749891187,0.0008721074729263181,466.11367141048044,466.43667777885673,63.613627295492684,0.0,4.949579970190312e-16,1.1857029429420015e-15,6.59943996025375e-16,True,Convergence achieved,True,PASSED
474.9241607082544,53.548267015605475,0.013438893849917345,3.7497644390443425,1.5173100483132526e-07,0.02106610611137358,0.01880362651906677,0.8926009590787786,0.7895557466265343,0.007572433639767572,0.0022624795923061316,475.55587474267725,475.9302345385583,53.548267015605475,0.0,6.131105706903629e-16,3.2701284609047013e-16,7.663882133629536e-16,True,Convergence achieved,True,PASSED
467.3727365630901,68.08043784870677,0.014410428151253438,3.2455752797000343,1.95455314809565e-07,0.014587338560262722,0.012623883907730945,0.8654000766198738,0.8523864387069313,0.011570977654840072,0.001963454652531251,467.90436368661494,468.00261380336826,68.08043784870677,0.0,5.110812135086938e-16,3.149402922220491e-16,3.8331091013152027e-16,True,Convergence achieved,True,PASSED
474.1535584450093,38.99924863324095,0.010111233534180763,3.4769494822676896,1.7405143540365007e-07,0.02324043207950779,0.021433487929187603,0.922249976070205,0.8075339880437991,0.00840256322360879,0.0018069441503205342,474.76543711699196,475.19789162631645,38.99924863324095,0.0,3.840416375211937e-16,0.0,3.840416375211937e-16,True,Convergence achieved,True,PASSED
522.865121497713,51.51846569164264,0.019728111618104366,3.8833845462195486,1.963404147948768e-07,0.3772251741685953,0.3381980413509381,0.8965415473565033,0.8569402108401662,0.006005565411873377,0.039027132817656324,534.1420786970813,565.9518540846863,51.51846569164264,0.0,8.588071659910235e-16,2.2114914342620722e-16,8.588071659910235e-16,True,Convergence achieved,True,PASSED
513.3337845072655,54.14411115470742,0.0160640798785411,2.80245777815668,2.2328862339975436e-07,0.2441501391958338,0.22302438065154281,0.9134722650010644,0.8691963142784439,0.008912493305747862,0.0211257585442903,523.8594428386489,530.6758204804242,54.14411115470742,0.0,6.159281599742072e-16,2.930418980914839e-16,8.212375466322761e-16,True,Convergence achieved,True,PASSED
515.2105576262387,33.055739374460046,0.024380605335073847,2.6938597479405524,9.51867055854568e-08,0.11169427639302826,0.1055390897810516,0.9448925512501866,0.5028457566971289,0.0015443198542984822,0.006155186611976287,517.9079818521757,535.9583710724436,33.055739374460046,0.0,3.942370462291173e-16,5.853861494170368e-16,3.942370462291173e-16,True,Convergence achieved,True,PASSED
486.57151219697886,62.32798648457414,0.026822878025025646,2.9396963977488286,2.1788178331521336e-07,0.027334510248284136,0.02450035964221006,0.8963160276028065,0.7577528732095453,0.006323505652179091,0.0028341506060738744,488.5095389584836,488.76566929429276,62.32798648457414,0.0,2.5479308458323495e-16,3.4669305956676524e-16,2.5479308458323495e-16,True,Convergence achieved,True,PASSED
493.8395217136292,40.79908831188156,0.020121838529973606,2.865663285027142,1.42193685405712e-07,0.03707932916735567,0.03436149071307027,0.926702059737414,0.6433440992941712,0.0035865462233583105,0.0027178384542856132,495.61118167233496,497.43364304651755,40.79908831188156,0.0,1.666313155422931e-16,0.0,1.666313155422931e-16,True,Convergence achieved,True,PASSED
490.2609770115174,41.66006708677959,0.015144413415551608,2.7592205675181725,2.2631134418831128e-07,0.04602256422880792,0.04272187972964257,0.9282811691509503,0.7998736291003932,0.007739447977434898,0.0033006844991654025,492.4136322788751,493.2643391444358,41.66006708677959,0.0,0.0,0.0,2.15300784220275e-16,True,Convergence achieved,True,PASSED
517.6410065206989,45.31265253345848,0.021230520771871066,3.333804873450598,1.3473488061973503e-07,0.19363786953153272,0.17874552470825675,0.9230917750783734,0.7518385350834154,0.003426304628873861,0.014892344823275673,522.2044100631822,543.8518673804931,45.31265253345848,0.0,3.541106285173279e-16,2.124363254354546e-16,3.541106285173279e-16,True,Convergence achieved,True,PASSED
493.6583994835597,49.34100720735701,0.021709590801062644,3.8577765362305168,1.7289618942163808e-07,0.04738799277231095,0.04357597524654501,0.9195573118261833,0.7118990444195696,0.004900163233296296,0.0038120175257661056,495.8042757753316,496.978951342331,49.34100720735701,0.0,1.9408240062350452e-16,2.0123757693144653e-16,1.9408240062350452e-16,True,Convergence achieved,True,PASSED
489.20485045643807,65.55694543291598,0.028713770894303294,2.5154374969022073,5.994651030936638e-08,0.01732039465200285,0.014912450490313528,0.860976368606518,0.4381221016425917,0.001708700743763196,0.002407944161689739,490.0803080104727,491.4791047223522,65.55694543291598,0.0,4.2476566220811396e-16,0.0,4.2476566220811396e-16,True,Convergence achieved,True,PASSED
467.9103776793619,41.38739229414485,0.02788960995793119,3.8174607336008433,6.952500310762006e-08,0.006339641701110297,0.005849735930515753,0.9227234292265698,0.3565456447622462,0.0012945726468156613,0.000489905770593997,468.18167233843917,468.5684063027198,41.38739229414485,0.0,4.494664271988482e-16,7.849308891688084e-16,4.494664271988482e-16,True,Convergence achieved,True,PASSED
494.9698638067282,55.72311534130114,0.020508468232836776,3.1064184965438866,7.291980499610984e-08,0.03372618140731123,0.029805816909899294,0.883759016472502,0.546309215698669,0.002467456294871449,0.003920364497412769,496.1248585972806,498.35213711790607,55.72311534130114,0.0,6.946887000302048e-16,6.708903202866217e-16,8.68360875037756e-16,True,Convergence achieved,True,PASSED
511.18623128697305,54.470325502372724,0.01652380750153348,3.5602445560165785,1.2639905918687346e-07,0.1427865002029634,0.12902262810474546,0.9036052282347891,0.7566941364830518,0.005096414735774101,0.01376387209821791,515.7582161225426,522.1721704946744,54.470325502372724,0.0,0.0,0.0,0.0,True,Convergence achieved,True,PASSED
499.8055359238712,59.3248978454312,0.015979672503256517,3.943928630524413,2.203731920106597e-07,0.11090268834721602,0.10066325795639687,0.9076719370520407,0.8457027253910099,0.010139305609886443,0.010239430390819718,503.9803206890379,504.8016950790276,59.3248978454312,0.0,6.708796016608585e-16,1.3608351763133274e-16,6.708796016608585e-16,True,Convergence achieved,True,PASSED
510.0846306014002,36.82970021096706,0.025757204220770002,3.513302522247943,1.444347201773403e-07,0.09995038676442095,0.0945180185089451,0.9456493523303843,0.5947648647175725,0.0025324275901213262,0.005432368255474806,514.1783552151442,521.6809922581602,36.82970021096706,0.0,9.119000384228954e-16,3.46075155839195e-16,1.0638833781600447e-15,True,Convergence achieved,True,PASSED
508.38233529560506,50.91120500721252,0.014217895710071685,3.0999159830281053,2.2847128274259217e-07,0.18559385800245148,0.17069152874115007,0.9197046204993234,0.8604071307261113,0.009923359578837717,0.01490232926130153,515.7797446019472,518.7100615063636,50.91120500721252,0.0,1.2505754456078234e-16,0.0,2.501150891215647e-16,True,Convergence achieved,True,PASSED
509.27516313681764,63.43589163989701,0.023446107605353657,2.851865659020883,1.0865794924587114e-07,0.08550242841389735,0.0754692521240646,0.8826562417471394,0.6727273497192634,0.003606582567938137,0.01003317628983291,513.1377005737073,518.2860949611924,63.43589163989701,0.0,2.8499066444131895e-16,9.993130761256245e-16,1.4249533222065947e-16,True,Convergence achieved,True,PASSED
482.3222376990301,47.990008609065804,0.023894948720115293,3.6839463247116657,1.0343530742184204e-07,0.01779392997321948,0.016206025266662347,0.9107614389318709,0.5484372682463247,0.002600767502203266,0.0015879047065571607,483.0678972866515,483.91388826751904,47.990008609065804,0.0,0.0,1.8460895521678696e-16,0.0,True,Convergence achieved,True,PASSED
506.7205250814293,36.912388397154125,0.010620211076891723,2.7125085992528732,1.5047958268463725e-07,0.12230640205773727,0.11367757955700768,0.9294491346687127,0.7920078994459175,0.006363694751963754,0.00862882250072971,510.39624376586545,515.9402346096095,36.912388397154125,0.0,0.0,5.588991648570639e-16,1.5160187907900353e-16,True,Convergence achieved,True,PASSED
519.5984841268888,68.2664572853397,0.01719623167411657,2.9935029496330956,5.019224365939711e-08,0.16015160248874294,0.13845105942537736,0.864499994217098,0.6566538376128418,0.002366962497067627,0.021700543063365718,521.1113694625377,542.9281861464028,68.2664572853397,0.0,2.0142852949982286e-16,5.383085512563436e-16,2.0142852949982286e-16,True,Convergence achieved,True,PASSED
518.7035229344269,36.20338915218417,0.02817356030962411,3.852909381123252,1.3692892788725737e-07,0.1819404181882797,0.17125047608857316,0.9412448195615095,0.6117979359473923,0.002109395169765292,0.010689942099706794,523.2532714520719,546.9320852402391,36.20338915218417,0.0,2.9880695722176203e-16,3.102143628767617e-16,2.9880695722176203e-16,True,Convergence achieved,True,PASSED
475.3539648560573,66.3371631178048,0.02993670973145451,3.6734476831853207,1.1158362933523198e-07,0.011071206791307079,0.009680224038912636,0.8743603313880312,0.5904816335234799,0.003100172603023827,0.001390982752394395,475.92815298709127,476.31357726620723,66.3371631178048,0.0,0.0,2.9488298019639227e-16,0.0,True,Convergence achieved,True,PASSED
511.5232706093195,60.01698217110726,0.018079401867868834,3.112679192621234,7.741146496742524e-08,0.10091515739828957,0.08878037071388231,0.8797525862590274,0.6530556182810265,0.003143381285421358,0.012134786684407525,514.2834581043675,522.0827768163105,60.01698217110726,0.0,0.0,5.071035608817087e-16,1.9730633780757873e-16,True,Convergence achieved,True,PASSED
515.6505437188231,44.15934461731981,0.01141649499657189,2.7070780522106546,6.387945342747466e-08,0.1368942703957236,0.12364948881515997,0.9032480940051312,0.6821205089991579,0.002953633553674435,0.01324478158056316,518.0711129634317,534.5159623671085,44.15934461731981,0.0,4.224647314945966e-16,4.1615815857209666e-16,4.224647314945966e-16,True,Convergence achieved,True,PASSED
518.4186895779951,49.11825635446117,0.02961570940048407,3.461353645882472,7.060239020156444e-08,0.15800398987336142,0.14578433002197244,0.9226623336462388,0.4717200742536521,0.0013997082930761685,0.012219659851389097,522.3728907853607,543.0731765121134,49.11825635446117,0.0,1.306606368851753e-16,9.059621194657564e-16,1.306606368851753e-16,True,Convergence achieved,True,PASSED
475.83602682269907,51.43463206259306,0.020624136238299503,3.4388675816025667,6.325531480059764e-08,0.011101937532041433,0.009848642760918791,0.8871102663381024,0.47159912951223487,0.0019769812325579244,0.0012532947711232504,476.1850645184828,476.8732656558437,51.43463206259306,0.0,5.600385668219334e-16,1.3028441567638296e-15,5.600385668219334e-16,True,Convergence achieved,True,PASSED
478.2092788983093,59.56175347766154,0.029481698318113123,3.496736068794801,1.0552654282903032e-07,0.012411500551758764,0.011020579915339175,0.8879329191003651,0.5523994288504908,0.0026716489302998055,0.001390920636419841,478.86365940327954,479.3900375718669,59.56175347766154,0.0,2.6459105373239064e-16,1.513360165175896e-16,2.6459105373239064e-16,True,Convergence achieved,True,PASSED
468.991899460477,54.682707201061916,0.014298706098098008,2.8547239430139326,2.1627227351026615e-07,0.01458831200881369,0.013040434150870682,0.8938960273808675,0.8377268065048327,0.010358094243150607,0.0015478778579424734,469.6057620297638,469.7418955115266,54.682707201061916,0.0,5.845703862538331e-16,6.552736003038232e-16,5.845703862538331e-16,True,Convergence achieved,True,PASSED
474.62563391117425,43.53417884009994,0.01618062749754088,3.7080205411441756,2.3467433217904952e-07,0.020651053780373428,0.019128364294189525,0.926265773050733,0.7965629090964397,0.00790817489036665,0.0015226894861835468,475.45485509839875,475.70619839451086,43.53417884009994,0.0,2.52373208620774e-16,1.3612287516773018e-16,5.04746417241548e-16,True,Convergence achieved,True,PASSED
475.4219043953751,35.35213134828531,0.01079652615001389,3.822330066029048,1.1873504691714219e-07,0.020151820971353453,0.018647912222309576,0.9253710743469937,0.7032717773907975,0.004868907913557624,0.0015039087490438243,475.883739004581,476.5302688168721,35.35213134828531,0.0,0.0,4.0541980128029243e-16,0.0,True,Convergence achieved,True,PASSED
504.3812418405359,65.19462236957256,0.012945422414160407,3.2592173649207874,1.8769762511151727e-07,0.14945952355575293,0.13267940994832636,0.8877280402866584,0.8700276841662591,0.01159267009010224,0.01678011360742674,509.48587411356607,511.0621269375014,65.19462236957256,0.0,1.426868146097371e-16,1.7511788706759663e-16,2.853736292194742e-16,True,Convergence achieved,True,PASSED
508.16773400470504,42.43666096332292,0.027801582408335607,3.1442224456949073,2.204904755559208e-07,0.10185303165231178,0.09571806265427489,0.9397664566433377,0.6990212316998085,0.004128505322510159,0.006134968998037022,514.7855513314523,518.5532533855761,42.43666096332292,0.0,1.2929263990494134e-16,1.644828152435204e-16,1.2929263990494134e-16,True,Convergence achieved,True,PASSED
484.15538927432704,45.171765743851466,0.02935427441567666,3.8354710764920026,1.1960659650359103e-07,0.018724138879540646,0.017318575403242373,0.9249330778125208,0.5151314851001282,0.002304053849584371,0.0014055634762980128,485.1260171323599,485.9663611704174,45.171765743851466,0.0,2.857575382383765e-16,4.470233760694699e-16,2.857575382383765e-16,True,Convergence achieved,True,PASSED
513.9161989500417,64.91452152029498,0.01779731733833814,3.64485298072051,6.290740545905592e-08,0.11975300044463809,0.1042865530301705,0.8708470989700381,0.6331146617421254,0.0028063050936311417,0.015466447414467278,516.320253680167,525.8822867646699,64.91452152029498,0.0,4.527387670252726e-16,6.210658830685893e-16,3.3955407526895446e-16,True,Convergence achieved,True,PASSED
482.3629289135147,48.34577725390584,0.022434068887310102,3.025716355988076,1.9239689888292528e-07,0.021329667694561606,0.019532612087864953,0.9157485417761582,0.7176590195130869,0.005184772811061199,0.0017970556066967968,483.592102076334,484.0856401889346,48.34577725390584,0.0,1.556450750293131e-16,1.0288147117378144e-15,3.112901500586262e-16,True,Convergence achieved,True,PASSED
475.1454277197459,34.716746587810846,0.015417873553696566,3.6937685930887754,1.2813761486730365e-07,0.015554621272314002,0.014511251359922801,0.9329221911530425,0.6325513171891866,0.0036147903274921906,0.0010433699123910897,475.63256912832185,476.2495564143769,34.716746587810846,0.0,1.3202843019946677e-16,5.718969204362116e-16,1.3202843019946677e-16,True,Convergence achieved,True,PASSED
466.39525645189445,32.75273119820998,0.021858898747102576,2.867890455907823,2.1923398990125028e-07,0.007574809586315839,0.007146693413708467,0.9434815928071749,0.6611483931110593,0.004119100111447108,0.0004281161726075218,466.84395206768676,467.0868622477128,32.75273119820998,0.0,1.5347800577692226e-16,4.281279445963753e-16,1.5347800577692226e-16,True,Convergence achieved,True,PASSED
463.5936841634871,64.34568685011294,0.017270243725908515,2.7552662034790236,1.8461701762841898e-07,0.00853378755419088,0.007399695082676557,0.86710561233077,0.8091806718246736,0.008623673380318502,0.0011340924715133665,463.9942401756756,464.09913553235685,64.34568685011294,0.0,9.43001810672864e-16,8.214104113632168e-16,9.43001810672864e-16,True,Convergence achieved,True,PASSED
472.30523125093197,51.91078792476051,0.011078425051425153,3.505697659045611,1.4678051197904263e-07,0.01967754800380013,0.01750151860770402,0.8894156225320408,0.8108206568928822,0.008614032809166762,0.0021760293960961224,472.8275238404452,473.17194405371043,51.91078792476051,0.0,0.0,0.0,0.0,True,Convergence achieved,True,PASSED
468.27403181224025,58.64212622119978,0.021403126245595414,3.5958237107303823,1.5406389538704907e-07,0.009904498855092812,0.008779442575802727,0.8864095704638193,0.7180272052554623,0.005294390533616083,0.0011250562792906684,468.71766319933954,468.93057495669825,58.64212622119978,0.0,5.587372978348554e-16,6.215402564564155e-16,7.449830637798072e-16,True,Convergence achieved,True,PASSED
473.6454252676301,34.77220153606021,0.012989759788907798,2.542452979394305,8.142477636944046e-08,0.010896790311106826,0.009991524027312626,0.916923584106037,0.560712700399414,0.0027286638913729807,0.0009052662837948739,473.9693117804896,474.68458113643806,34.77220153606021,0.0,5.913481509437504e-16,3.721433785317854e-16,7.096177811325004e-16,True,Convergence achieved,True,PASSED
495.3238588076398,43.654247524870385,0.020431065937435548,3.2930641759635897,2.0548680778910514e-07,0.052905150941375205,0.049208803274277055,0.9301325560682364,0.7372172866281225,0.00545990769503606,0.0036963476670980083,498.0150611433223,499.29857051613766,43.654247524870385,0.0,1.8225380977978056e-16,2.2137899541717976e-16,1.8225380977978056e-16,True,Convergence achieved,True,PASSED
515.3742138532863,42.32496504852321,0.0123620352293818,3.83300914326417,2.1466481984185263e-07,0.3199606015996534,0.29864541682809764,0.9333818455616427,0.8777211712487529,0.008775192866628487,0.021315184771555373,523.3327100252878,536.5074597799195,42.32496504852321,0.0,3.391000860644762e-16,7.077469912335256e-16,3.391000860644762e-16,True,Convergence achieved,True,PASSED
505.4577940733767,40.654979115569226,0.027304261284016317,3.3915514243716354,2.141347946475467e-07,0.08529203285500245,0.08039983608079822,0.9426418082621983,0.6798645512670208,0.003934237866233172,0.004892196774204092,510.6386847481705,513.6814920185233,40.654979115569226,0.0,1.3950436660003045e-16,0.0,1.3950436660003045e-16,True,Convergence achieved,True,PASSED
511.9040690125437,45.03256690615276,0.019246215884770292,3.0355334312902897,2.0933752638756974e-07,0.16708902694018252,0.15538833674777391,0.9299733177774909,0.7969022202420942,0.005918209390107445,0.011700690192408398,519.5876060125104,526.4438861277173,45.03256690615276,0.0,1.8186781815349191e-16,0.0,1.8186781815349191e-16,True,Convergence achieved,True,PASSED
491.341962786592,49.027465830860955,0.0255578166628976,3.1395038139417966,1.257920320300778e-07,0.02858040443808426,0.026088828890614812,0.9128222431957806,0.593521508905464,0.0030107558046572934,0.0024915755474695512,492.8620743110675,494.2142248314789,49.027465830860955,0.0,1.404833311791633e-16,1.7898794141330225e-16,1.404833311791633e-16,True,Convergence achieved,True,PASSED
512.548015001867,67.64501344110656,0.013990976688182773,3.4996282818443785,1.823809143630201e-07,0.2594090431175333,0.23102994388924675,0.8906009640711375,0.8766023514606963,0.010638641292757739,0.028379099228286877,521.1390137932934,525.2445161724173,67.64501344110656,0.0,2.7895160529705897e-16,9.565070898902858e-16,2.7895160529705897e-16,True,Convergence achieved,True,PASSED
513.5392765872557,38.862188697066216,0.02562016255626258,2.809813413658705,2.281249551248808e-07,0.15502808618671704,0.14599037848502142,0.9417027719041134,0.7491446375439333,0.004148541013671902,0.009037707701695824,521.8579452364239,532.7508346224552,38.862188697066216,0.0,2.579598296166782e-16,0.0,1.289799148083391e-16,True,Convergence achieved,True,PASSED
498.3009810242821,69.11708639297778,0.02448401149593981,3.2569472934335386,1.9957451139712185e-07,0.06371993391901555,0.05656215238577109,0.8876680954763495,0.7829261898436706,0.006997923905431672,0.007157781533244131,502.10450060129625,502.70894957819866,69.11708639297778,0.0,3.0161015106285523e-16,5.556310076081551e-16,3.0161015106285523e-16,True,Convergence achieved,True,PASSED
487.4500889423443,42.69058262504242,0.02930409641012366,3.9717822879608535,1.4116605536149804e-07,0.024337481051453412,0.022710522259593077,0.9331500746350786,0.5467322466886914,0.0025723686209792418,0.0016269587918598157,488.73745141767995,489.7115030285106,42.69058262504242,0.0,4.4147415424444647e-16,1.4820354263714455e-16,4.4147415424444647e-16,True,Convergence achieved,True,PASSED
469.58978210279105,46.25973443017809,0.027019784008958977,2.928233739278554,2.499217167463507e-07,0.009312614295766394,0.00859717565724064,0.9231753172843172,0.720502247030898,0.0053640440860856856,0.000715438638525788,470.2778179853177,470.4058575088553,46.25973443017809,0.0,0.0,0.0,0.0,True,Convergence achieved,True,PASSED
507.53780398568335,34.83964052453029,0.027388543464396297,3.662869214510686,1.3318933947349835e-07,0.0804857807999344,0.07645474582380138,0.9499161847463043,0.527514805939553,0.002088524321988765,0.004031034976133372,510.9949852369951,516.8757379810427,34.83964052453029,0.0,2.9533475200447336e-16,3.225173870085083e-16,4.4300212800671e-16,True,Convergence achieved,True,PASSED
489.47770938325897,47.761858206587746,0.01119936741059792,2.5650714866536535,8.782369689148037e-08,0.03371729458627912,0.02981814618422794,0.884357613803385,0.7017678767234672,0.004660502728461192,0.003899148402051574,490.4179773712218,492.0540906696179,47.761858206587746,0.0,5.522109396626582e-16,6.458427484799608e-16,4.1415820474699366e-16,True,Convergence achieved,True,PASSED
483.1695747691759,36.7436826290328,0.028630957577545506,3.5992039190061464,9.200268631366536e-08,0.015937909849972492,0.01496567311931107,0.938998479737065,0.39589288907802916,0.0014779120962574266,0.0009722367306619615,483.94963589197806,484.94928727541594,36.7436826290328,0.0,5.573230994803821e-16,4.645386413401188e-16,4.179923246102866e-16,True,Convergence achieved,True,PASSED
516.3331649789042,69.52808849327485,0.026530539017127572,2.8466811216879035,5.223405912865652e-08,0.10226184429580286,0.08889446973683357,0.869282872306677,0.4967778294007675,0.001656422805887123,0.013367374558969166,518.9750664412187,531.4351032200442,69.52808849327485,0.0,1.2575937567798563e-16,1.7671016921406102e-16,1.2575937567798563e-16,True,Convergence achieved,True,PASSED
492.6541286744531,39.856617380268126,0.02295015082718576,3.335156242694324,9.03609212819672e-08,0.029747520472847414,0.027617962954489615,0.9284122681652731,0.4807349122159398,0.0019568194688946586,0.002129557518358283,493.8337302912265,495.85172834889835,39.856617380268126,0.0,4.915194694921808e-16,1.965003271111537e-16,4.915194694921808e-16,True,Convergence achieved,True,PASSED
519.3278126787903,32.686479149899846,0.026698660370525533,3.088689844053456,5.7002899452984686e-08,0.1328803042273139,0.12478933485530032,0.939110845515731,0.33713961295472894,0.0008297126995966454,0.008090969372013574,521.6799305427987,547.9585265854358,32.686479149899846,0.0,0.0,3.4404135050332873e-16,0.0,True,Convergence achieved,True,PASSED
516.9165400377989,30.134606527856736,0.021158077151603234,3.2769730007442295,1.6848125983006695e-07,0.16173461312622367,0.15325157205452014,0.9475496252302883,0.6936821817338015,0.002875325236465174,0.008483041071704826,521.1948363936309,541.9492347763904,30.134606527856736,0.0,1.4026540157403273e-15,2.1401671838946675e-16,1.4026540157403273e-15,True,Convergence achieved,True,PASSED
486.20473095188936,55.825535990343525,0.027486514262049705,3.4486599803179816,9.83636204079193e-08,0.01998260041102568,0.01790705795035446,0.896132514388592,0.5390117139861299,0.0024989784639706646,0.0020755424606706692,487.17786678160644,488.16504288616113,55.825535990343525,0.0,5.615259054620221e-16,1.628243748779916e-16,5.615259054620221e-16,True,Convergence achieved,True,PASSED
488.5397339931065,55.66584996879601,0.02268602393148972,2.541736616021226,5.292587996545485e-08,0.018074610761355886,0.015829319762112475,0.8757765227208114,0.4257429945089951,0.0016208150776904932,0.0022452909992434792,489.22637982703367,490.8264646145226,55.66584996879601,0.0,0.0,8.524081098618045e-16,0.0,True,Convergence achieved,True,PASSED
523.0915287093528,46.66268166132794,0.025045869729328304,2.5096981964400285,6.441133750822855e-08,0.1546663638578856,0.1371416184289898,0.886693234444961,0.5131359581709888,0.0013904073390573993,0.01752474542889582,525.5335666926948,562.4987631177326,46.66268166132794,0.0,0.0,1.9371908455892742e-16,0.0,True,Convergence achieved,True,PASSED
480.9626693752366,41.19365326866189,0.02497779751044108,2.9511896581684867,7.44229211818162e-08,0.01277815978574206,0.011759492573443976,0.9202806014810665,0.40642777043068995,0.0015361409527761337,0.00101866721229819,481.54684495629755,482.50688664761657,41.19365326866189,0.0,1.3720628200297655e-16,1.8596742045799525e-16,1.3720628200297655e-16,True,Convergence achieved,True,PASSED
514.8613354516207,32.848141980469414,0.019337787521120427,2.6440929843654435,1.4965727869509724e-07,0.13393441372503673,0.12621062033868202,0.9423315250237959,0.7016967788667405,0.003033995542152859,0.0077237933863548505,518.7997663434224,536.0260793573458,32.848141980469414,0.0,1.6344924779313256e-16,2.4726701936673197e-16,1.6344924779313256e-16,True,Convergence achieved,True,PASSED
478.3095833454799,48.73953640006127,0.021646143191163442,3.75609184688796,1.2018939016079772e-07,0.015916677466425607,0.014451858710099543,0.9079695646647536,0.6163224509963838,0.0033903983758740495,0.001464818756325831,478.95171784077206,479.55425413198196,48.73953640006127,0.0,1.9057677175642355e-16,8.118087822131289e-16,1.9057677175642355e-16,True,Convergence achieved,True,PASSED
511.0830776952481,37.10178823901396,0.017543297789661575,3.8166258834509525,1.2292143306063774e-07,0.12499146969377081,0.1173909425788747,0.9391916333689253,0.6638776297150589,0.003182936972162105,0.00760052711489565,514.4024102215803,523.258264907116,37.10178823901396,0.0,4.762795510399348e-16,3.7437220643377906e-16,5.953494387999185e-16,True,Convergence achieved,True,PASSED
517.5307753415707,54.99490533277554,0.024597696170032338,3.095928411293001,1.2435435547805766e-07,0.17896202161199018,0.16244510175938742,0.9077071229759938,0.7324079149521988,0.0033122474801296087,0.01651691985260297,522.8404496864277,541.2679100058814,54.99490533277554,0.0,1.444302572459373e-16,3.732134288870502e-16,2.888605144918746e-16,True,Convergence achieved,True,PASSED
514.4919290611508,54.331512695686285,0.028755820183087876,2.7498861723841297,1.9809956827970293e-07,0.1655865134481969,0.15182410232226418,0.9168868838449309,0.75209936202613,0.004480500092229337,0.013762411125932926,525.325858971853,533.4734270994012,54.331512695686285,0.0,1.1310780798562214e-16,0.0,1.1310780798562214e-16,True,Convergence achieved,True,PASSED
474.7134175132664,58.183126686531054,0.027540766689396572,2.5885215703579476,5.931469756039169e-08,0.007574646159863649,0.006605457683393127,0.8720483497162416,0.4087298703304236,0.001570250740932838,0.0009691884764700235,475.0868816256161,475.67852613344456,58.183126686531054,0.0,4.520638573613713e-16,6.985668769974496e-16,4.520638573613713e-16,True,Convergence achieved,True,PASSED
492.04953143378594,53.66299710997052,0.02154458946976753,2.826706449005227,2.4385709012587205e-07,0.04517546319882165,0.04125391364202782,0.9131929308719067,0.7939622579798992,0.007555820816297911,0.003921549556793736,494.9148439865568,495.32763627578106,53.66299710997052,0.0,1.5405903932577556e-16,2.1800500632811296e-16,1.5405903932577556e-16,True,Convergence achieved,True,PASSED
472.72406778509276,56.97410330920177,0.01661727782644002,3.35373899415793,2.2400931642400186e-07,0.01834604417040116,0.01646467650502718,0.8974510446012534,0.8271762597479756,0.009619513305834713,0.0018813676653738935,473.5165889788017,473.65351498138904,56.97410330920177,0.0,1.1362470616914844e-16,0.0,0.0,True,Convergence achieved,True,PASSED
491.84309727961187,53.118133126257334,0.011750807724541514,3.25330156600425,2.451836407352278e-07,0.08043134313041143,0.07329210526053076,0.9112381120093317,0.8803870259555273,0.013751219219970466,0.007139237869880578,494.5869269911643,495.02658675634865,53.118133126257334,0.0,0.0,5.790094397705282e-16,0.0,True,Convergence achieved,True,PASSED
472.03699632900265,31.66924580314568,0.01080986900213918,3.8969617162918633,1.5998605684682297e-07,0.018467661932198433,0.017331698850841466,0.9384890688638722,0.7417574342847584,0.005872500483485066,0.0011359630813567332,472.4928093468993,472.96368667295565,31.66924580314568,0.0,3.9292217364197983e-16,6.04966949507315e-16,1.9646108682098992e-16,True,Convergence achieved,True,PASSED
469.71461984543515,61.12793255764791,0.029083730836212976,3.5254451344702242,8.800039698562024e-08,0.00717021193732812,0.0062896093686217285,0.8771859777083999,0.51153610653041,0.0023203602404260532,0.0008806025687065306,470.0593808799635,470.39886580164784,61.12793255764791,0.0,1.3496198197921305e-16,1.5312901132355195e-16,0.0,True,Convergence achieved,True,PASSED
502.6645786737019,42.239469479872895,0.026252056025468807,2.9964164333530623,8.653124032367607e-08,0.047668515855818605,0.04420633461473105,0.9273696447449737,0.46075130328982195,0.0017234181789323256,0.00346218124108799,504.795151324219,508.85574259197597,42.239469479872895,0.0,3.961219685036034e-16,8.813238019797611e-16,3.961219685036034e-16,True,Convergence achieved,True,PASSED
497.3999514910843,36.06766375662417,0.018986234914439314,2.7260030776801525,1.3148442774159106e-07,0.04368399931676121,0.04085200196376049,0.9351708314876274,0.6135941176939081,0.0030967522047772194,0.0028319973530006796,499.3232815080701,502.0791565236271,36.06766375662417,0.0,0.0,7.493065407993423e-16,1.7021766136207299e-16,True,Convergence achieved,True,PASSED
473.55668312207155,37.875988743995535,0.02491924019245415,2.506290258695083,1.886737223278719e-07,0.009729560080486813,0.009078384552913666,0.9330724593726499,0.6295350482570814,0.003591841724257606,0.0006511755275730163,474.23872113139333,474.61912155356816,37.875988743995535,0.0,2.440862553742305e-16,3.8955784076073566e-16,1.2204312768711525e-16,True,Convergence achieved,True,PASSED
463.8670746821964,68.03726059522857,0.02529295605050877,2.5033583453077863,2.2100992447504367e-07,0.006745467537612464,0.0058752953300989725,0.8709989778082563,0.7840397693234223,0.007454453703546284,0.0008701722075131936,464.35638852739413,464.39936903775964,68.03726059522857,0.0,2.4027867498873987e-16,5.758951979985857e-16,3.604180124831098e-16,True,Convergence achieved,True,PASSED
498.78754848167034,32.431570391052006,0.0190425978711684,3.369994685443354,2.1011125869818795e-07,0.064530842449674,0.06136149304131929,0.9508862849446706,0.7002186239021913,0.004437042427884836,0.003169349408353584,501.6901597242676,504.08864544023226,32.431570391052006,0.0,1.1942801746935178e-15,3.543863673887068e-16,9.952334789112648e-16,True,Convergence achieved,True,PASSED
508.9823367984206,30.858679592365025,0.012595428206834335,2.7013668686116086,1.7966840139329446e-07,0.12900193802812082,0.12202645800673372,0.9459273238215512,0.771433216526357,0.005329421935589725,0.0069754800213868715,513.3595181346307,520.9793255204941,30.858679592365025,0.0,2.548880393244328e-16,0.0,1.274440196622164e-16,True,Convergence achieved,True,PASSED
476.779506348273,47.46563929293424,0.017808154425093183,3.7998508034488165,5.7604051734936584e-08,0.013052558365913838,0.011677906008733112,0.8946833012621793,0.4649336143585605,0.0019239594223403995,0.0013746523571807729,477.10331957541246,477.8828245361903,47.46563929293424,0.0,0.0,1.2304742679799302e-16,0.0,True,Convergence achieved,True,PASSED
495.20843360742305,58.29877801046245,0.014025236480310907,3.7157323572252565,1.1278850452650753e-07,0.05924262553921803,0.05229334137933735,0.8826979038043992,0.7510836149402527,0.005835767828342115,0.006949284159881401,496.87981570887507,498.6005261847302,58.29877801046245,0.0,5.832694256518345e-16,1.5697293819283425e-16,5.832694256518345e-16,True,Convergence achieved,True,PASSED
519.9260913531847,53.0182274639175,0.014627441994780237,2.67704740971749,2.4201597677003454e-07,0.39150157833663557,0.34712885176199465,0.8866601591667483,0.9264971473894971,0.009769020823095102,0.04437272657464109,531.4511661204692,562.1775426138339,53.0182274639175,0.0,2.1803745542771067e-16,6.515759254356135e-16,2.1803745542771067e-16,True,Convergence achieved,True,PASSED
512.0904275895593,61.941184574185726,0.022354382445336753,2.5012592961012965,1.10911229615888e-07,0.10020152212921082,0.08853861225195256,0.8836054619787195,0.69773061601507,0.0037306385468938996,0.011662909877258659,516.6059834280705,523.8761988906754,61.941184574185726,0.0,4.0755207919169965e-16,0.0,4.0755207919169965e-16,True,Convergence achieved,True,PASSED
475.92392338025724,60.89563892076656,0.010045131730340445,3.091511174527476,2.2880805778859862e-07,0.03459474666746104,0.0306330443410427,0.8854825455292281,0.8993168633377092,0.017323511637972445,0.003961702326418924,476.93904598480754,477.0647935128336,60.89563892076656,0.0,7.065751527415462e-16,0.0,7.065751527415462e-16,True,Convergence achieved,True,PASSED
469.0467702980331,32.00185120756655,0.028047717669459737,3.4331621629348557,1.7235600586966395e-07,0.007703097502137613,0.007307938456796307,0.9487012795526595,0.5281421767989084,0.0024666064864846426,0.0003951590453407353,469.5058557539449,469.8328862634688,32.00185120756655,0.0,6.8546668997144e-16,3.194567142196232e-16,5.483733519771519e-16,True,Convergence achieved,True,PASSED
512.349892567657,67.1513987787412,0.020728943612835043,2.878627832042716,2.0063166127434556e-07,0.18922256470093882,0.1690494460151297,0.8933894659038538,0.8319906814024215,0.007827966721710548,0.020173118685809722,522.7331678983708,525.9961737989133,67.1513987787412,0.0,6.491741094471827e-16,1.1275756147096643e-16,4.86880582085387e-16,True,Convergence achieved,True,PASSED
506.4843680306201,63.11973417692153,0.013476115707505211,3.8234438407399143,1.7882133385668296e-07,0.17163057887935187,0.15367858560639916,0.8954032935729277,0.8571061401937192,0.010288559684096506,0.01795199327295197,511.80566345732547,514.044536358825,63.11973417692153,0.0,7.761269500052663e-16,3.247865463006544e-16,7.761269500052663e-16,True,Convergence achieved,True,PASSED
486.4097335206549,56.100596156745915,0.014683109786677001,3.4739295026306203,8.240283414166797e-08,0.028229708024885218,0.0246666115731618,0.8737820296057389,0.6585671325382682,0.003934197233381465,0.0035630964517236246,487.16185594678075,488.37204395489965,56.100596156745915,0.0,2.6428429163965986e-16,0.0,2.6428429163965986e-16,True,Convergence achieved,True,PASSED
470.90616619840006,64.03045858889737,0.02150455313023236,2.6852530262586476,1.9868384780395434e-07,0.011458528400992405,0.010053472413581777,0.8773790195180386,0.7842686883309431,0.007411320703381588,0.0014050559874100139,471.58839475470546,471.7213639049963,64.03045858889737,0.0,5.945619888820607e-16,4.428349828250351e-16,7.43202486102576e-16,True,Convergence achieved,True,PASSED
471.5757501607383,38.791039106288444,0.011491362052421062,3.2343925516121597,5.918170731070425e-08,0.010953297926075422,0.009866849838280933,0.9008108703764601,0.536017604350025,0.002503475985540891,0.0010864480877947743,471.79587787264,472.4329850427464,38.791039106288444,0.0,1.598048197479636e-16,5.9289582398392565e-16,3.196096394959272e-16,True,Convergence achieved,True,PASSED
469.173988984297,42.57218613681261,0.014808664894567362,3.3073508416992676,7.942501124830239e-08,0.00916753749271578,0.008257670087971012,0.9007511662245964,0.5705764624891623,0.002862918972404344,0.0009098674047442816,469.42444801887194,469.9003113554441,42.57218613681261,0.0,5.045736855795384e-16,7.628064117326843e-16,5.045736855795384e-16,True,Convergence achieved,True,PASSED
494.36754078930306,66.09328501059312,0.01147502156178109,3.426769937686931,2.0652382871441198e-07,0.09721880487907425,0.08600734190387187,0.8846780415666785,0.8888765313125233,0.014743307080842014,0.01121146297520172,497.3150026888053,497.8131932416767,66.09328501059312,0.0,5.019089741341179e-16,3.9057887029549185e-16,6.692119655121571e-16,True,Convergence achieved,True,PASSED
505.2239398840029,63.00208484215088,0.028572583262761436,3.1484099899623366,2.0460430259469938e-07,0.08716986041582828,0.07878782620679578,0.9038425188586136,0.7463567333228152,0.005568067669904349,0.008382034209032269,511.3489274222289,512.6078881447804,63.00208484215088,0.0,2.518618681196863e-16,6.399722245137437e-16,2.518618681196863e-16,True,Convergence achieved,True,PASSED
500.9892994677295,51.039888761200956,0.027607116499531844,3.3827342951306685,2.2253960169022215e-07,0.06817922358612925,0.06306727200980058,0.9250218569903452,0.7247238791540542,0.005102687810582425,0.005111951576327975,505.50304394387757,506.70658218770853,51.039888761200956,0.0,6.884848034437753e-16,0.0,5.507878427550202e-16,True,Convergence achieved,True,PASSED
508.81635916783034,31.592317863270246,0.026335673508396402,3.695703434156063,2.2307925785646033e-07,0.11006516675795901,0.10548423557778057,0.9583798279227365,0.6559347270491048,0.0032863495138946903,0.004580931180178986,514.2036180955034,520.1269970893518,31.592317863270246,0.0,6.186093536478868e-16,0.0,4.639570152359151e-16,True,Convergence achieved,True,PASSED
510.3923315638126,32.190171574428454,0.011265528942117053,3.6146490201977883,2.3377112552374515e-07,0.2163006488401843,0.20547794198667796,0.9499645197019142,0.8449220848065493,0.008094244295927727,0.010822706853506198,516.1829566536679,523.6105593670097,32.190171574428454,0.0,1.7764678493707114e-16,1.9658537683124827e-16,3.5529356987414227e-16,True,Convergence achieved,True,PASSED
515.2348181559456,69.80515141442874,0.022679492504798286,3.964294239481273,1.2108205037839968e-07,0.17310989133401458,0.1531993535396695,0.8849832459548655,0.7472284652361432,0.004546726280865516,0.019910537794344207,521.1926732990269,529.2543949583973,69.80515141442874,0.0,9.492802536325081e-16,5.746981609054658e-16,7.594242029060064e-16,True,Convergence achieved,True,PASSED
510.26059095999625,46.22885043211169,0.017411475696542538,2.8044785134002064,2.3165502253899726e-07,0.16766520728889753,0.1555465084286936,0.9277208488501578,0.8264605234694676,0.007419682241090741,0.012118698860203836,518.4479031875933,523.1135150342418,46.22885043211169,0.0,1.8952208032416268e-16,2.7031347099804627e-16,1.8952208032416268e-16,True,Convergence achieved,True,PASSED
518.0450272770951,44.475802847973284,0.018565089038475674,2.9541822522682457,2.405880729092812e-07,0.29070254929064265,0.26675241209591816,0.9176129096453856,0.8670228104462573,0.006695614063311324,0.023950137194724982,529.0201983533909,552.597770529423,44.475802847973284,0.0,5.542186816678832e-16,7.50419079584341e-16,3.6947912111192213e-16,True,Convergence achieved,True,PASSED
477.27633555471414,41.776956368886445,0.027044957522177636,3.7840335602592603,1.775513258923575e-07,0.014556611519982306,0.013574730356437503,0.9325474089765267,0.6181686247653075,0.0034369697732092755,0.000981881163544958,478.08125669143607,478.5156238742817,41.776956368886445,0.0,3.0685850846825137e-16,1.1353015374052815e-15,1.5342925423412568e-16,True,Convergence achieved,True,PASSED
501.8294033446005,44.29279965750409,0.010451514195041926,3.54324336916944,1.761185018941517e-07,0.12688765901066898,0.11697327986152464,0.9218649061189609,0.8383913550688913,0.009197055927059316,0.009914379149143865,505.2098900055533,507.7762497989225,44.29279965750409,0.0,5.655595052422864e-16,6.384653226626735e-16,5.655595052422864e-16,True,Convergence achieved,True,PASSED
474.2435387530689,59.72512761096378,0.02539912182983152,2.975401820103677,2.3222562872757005e-07,0.01377409011974314,0.012358632516292004,0.8972376693381325,0.7696761755773671,0.006840406713972761,0.0014154576034514372,475.17709238892684,475.28214276721843,59.72512761096378,0.0,4.0727133658269407e-16,5.475177622476588e-16,2.7151422438846273e-16,True,Convergence achieved,True,PASSED
490.7668407516477,60.634843355507414,0.028963773660105586,3.205618818710216,1.010799924087289e-07,0.02486301268752174,0.02206646922889973,0.887521938963345,0.556863873987896,0.0026427321837128176,0.002796543458622221,492.1047356048799,493.33747651159126,60.634843355507414,0.0,2.518865732566929e-16,6.286126642045102e-16,1.2594328662834645e-16,True,Convergence achieved,True,PASSED
496.73213579521865,64.48826267832857,0.01749051485328639,3.9883322509551893,1.8059481819735165e-07,0.07737675675439426,0.06903446994401594,0.8921861401239856,0.8125880040200664,0.008283900490518414,0.008342286810378763,499.65465394296365,500.55870793802734,64.48826267832857,0.0,4.947468461786454e-16,2.48097106784499e-16,4.947468461786454e-16,True,Convergence achieved,True,PASSED
509.72421742926605,30.757584071053987,0.018533227079877854,3.890517174098363,2.0158998508096949e-07,0.1369580196571714,0.13091181987392805,0.9558536272766055,0.717755605073592,0.004099033708100843,0.006046199783243488,514.3520485872655,521.6935230665746,30.757584071053987,0.0,2.2887797454300923e-16,7.059564504178359e-16,2.2887797454300923e-16,True,Convergence achieved,True,PASSED
519.1479079786294,50.228845593543554,0.01212220839826832,2.7132302212796793,2.3708917359947675e-07,0.40045718096830357,0.3585454904404864,0.8953403946297712,0.9343388073189802,0.010956038337170671,0.04191169052781687,529.0231036058052,558.6265109742352,50.228845593543554,0.0,3.9853057864526055e-16,1.1750733882281348e-15,3.9853057864526055e-16,True,Convergence achieved,True,PASSED
465.1976580707325,40.08951626485921,0.025696946204822026,2.5913109678649344,2.4347302391737295e-07,0.006515663271808266,0.006065403105186919,0.9308957280574878,0.6942283535150185,0.004763119106075727,0.00045026016662084176,465.6932336401809,465.83451142615735,40.08951626485921,0.0,4.848771831354222e-16,1.8711655573122057e-16,4.848771831354222e-16,True,Convergence achieved,True,PASSED
522.953278880134,43.24797562853728,0.02257031576036591,3.657923502677627,6.915119635239708e-08,0.19316156491834346,0.1752346124190445,0.9071919276131569,0.5447250577649939,0.0015679882817801606,0.01792695249929737,524.9736712021103,560.4325405766219,43.24797562853728,0.0,1.611007218877562e-15,3.914806899957902e-16,1.2530056146825482e-15,True,Convergence achieved,True,PASSED
514.9626530078925,67.95971339859514,0.020816557212762182,3.3240756552781177,1.782286063205381e-07,0.2279113575510271,0.20352818213200397,0.8930146541136548,0.8286228950106468,0.00699697628686915,0.024383175419023115,525.1608342015184,531.6045086363322,67.95971339859514,0.0,0.0,6.504216457434063e-16,0.0,True,Convergence achieved,True,PASSED
468.5298711761674,34.48361384935916,0.017220008385972534,3.394497258840527,1.492016012649771e-07,0.009743559438819311,0.009101732418197117,0.9341280745858734,0.6390812340961645,0.0037464051824711193,0.0006418270206220022,468.9031082780739,469.2754739688703,34.48361384935916,0.0,2.2134825341421727e-16,1.3041592703469976e-16,2.2134825341421727e-16,True,Convergence achieved,True,PASSED
517.9876032615465,60.25375682815496,0.017313989207656047,3.9314810143748287,2.0723394337742194e-07,0.41196542629938654,0.3737484786766892,0.9072326336557086,0.8977351057089721,0.008473925963280712,0.03821694762269739,529.6378881254693,549.6455401877371,60.25375682815496,0.0,1.2352375562281044e-16,3.7702968984308673e-16,1.2352375562281044e-16,True,Convergence achieved,True,PASSED
488.6139730781992,41.50355656243967,0.029795749725148653,2.5274896200541535,1.636120839792968e-07,0.020973852780246195,0.019528385696538895,0.9310824244428269,0.5757730180836682,0.002843350487576439,0.0014454670837076688,490.2429485825065,491.2494379978015,41.50355656243967,0.0,4.10744425739864e-16,3.2502165190380767e-16,2.05372212869932e-16,True,Convergence achieved,True,PASSED
464.97726864661416,30.950269258704864,0.018116244272430606,3.1925332258424968,1.5544872455378126e-07,0.007247288968339238,0.006824453754344504,0.9416560846625164,0.6085620253601803,0.0033311065154729264,0.00042283521399508374,465.27960659371,465.59114688087266,30.950269258704864,0.0,4.014565989127044e-16,0.0,4.014565989127044e-16,True,Convergence achieved,True,PASSED
501.3456251769485,34.42075518718836,0.028390265977096665,3.86885039665073,1.817392052058684e-07,0.06073517458794969,0.05787172202216392,0.9528534727163926,0.5804676186075544,0.0027358166640295604,0.002863452565785409,504.55865513926295,507.3470581219537,34.42075518718836,0.0,4.462502618451738e-16,0.0,2.9750017456344923e-16,True,Convergence achieved,True,PASSED
480.00839899970055,51.52557125092731,0.024135762878966738,3.7299981701095435,2.237299082514538e-07,0.021646087693961615,0.019856040270802174,0.9173038819546564,0.7452108787524094,0.005980508063071881,0.0017900474231597344,481.20419256208976,481.47094844894065,51.52557125092731,0.0,3.3996186108402945e-16,1.8228526963274372e-16,3.3996186108402945e-16,True,Convergence achieved,True,PASSED
463.9613367642388,39.23476504677582,0.026141228931642405,2.5855292039796294,1.0299934981880871e-07,0.004434932842207146,0.004087153289495691,0.9215817769771774,0.4628431326271852,0.0019393798108690902,0.00034777955271143976,464.22219927986947,464.51531183057756,39.23476504677582,0.0,0.0,0.0,1.1896727770925634e-16,True,Convergence achieved,True,PASSED
485.7996147533619,39.16292544108617,0.026933706011841346,2.978842845551415,1.7503032864202813e-07,0.02092564759645601,0.01958941908754092,0.9361439829876131,0.6033583184329133,0.0031803522916238323,0.0013362285089144688,487.15316682569886,488.0045681295893,39.16292544108617,0.0,6.406649059329105e-16,6.882295593562316e-16,6.406649059329105e-16,True,Convergence achieved,True,PASSED
509.4683957853909,37.793085434504796,0.019082197399567905,3.3017792267562602,2.3242463802436567e-07,0.14532259353823634,0.13725906937159127,0.9445129351856492,0.7766842177551408,0.005612615744236272,0.008063524166645717,515.9986065824004,521.4558898748991,37.793085434504796,0.0,5.865989060535882e-16,1.1844097091653539e-16,5.865989060535882e-16,True,Convergence achieved,True,PASSED
487.06723884074796,68.8397272383077,0.0291462491859242,3.3714773887510017,2.0271831800192212e-07,0.028387408295433986,0.02518783738642632,0.8872890798727097,0.7464323667341646,0.005985183648723466,0.0031995709090074115,488.9692222068138,489.21860384258224,68.8397272383077,0.0,2.6018114381010687e-16,3.0868502298512357e-16,1.3009057190505344e-16,True,Convergence achieved,True,PASSED
496.45054314844265,42.8737481960124,0.011913183816363429,3.726126586235323,7.514011347406216e-08,0.054366751650963885,0.04930295036949215,0.9068584911237241,0.6309454706184107,0.0033627029283013954,0.005063801281472621,497.5776194515389,500.35441111059436,42.8737481960124,0.0,8.602363215783894e-16,1.846928818266533e-16,8.602363215783894e-16,True,Convergence achieved,True,PASSED
499.10709799311945,58.616842621739416,0.01276922985221069,2.8614896946914414,5.4258964329150424e-08,0.04881848910535682,0.041655492779985905,0.8532728796683438,0.6126934541040671,0.003087373593477404,0.007162996325371415,500.1556761197463,503.4382802153798,58.616842621739416,0.0,5.245905119692125e-16,7.333110623357038e-16,5.245905119692125e-16,True,Convergence achieved,True,PASSED
504.5239148925555,61.21655881277127,0.028011174192487744,3.9843232535033466,2.3142710244673645e-07,0.10254208322465697,0.09378117737010871,0.914562825534229,0.7661713942690138,0.006264128481931014,0.008760905854548673,510.7912929995245,511.5722385777437,61.21655881277127,0.0,6.173552383268687e-16,3.098921443103488e-16,4.630164287451516e-16,True,Convergence achieved,True,PASSED
517.1550820661896,58.017663833696716,0.023771185453164097,2.7005768987490804,2.3621533791973318e-07,0.30218237758852456,0.2711627582431768,0.8973480201165609,0.8728903350245015,0.006608380163215505,0.03101961934534692,531.9574354059683,553.6858523239141,58.017663833696716,0.0,8.101587066701804e-16,1.7999680891415082e-15,8.101587066701804e-16,True,Convergence achieved,True,PASSED
479.8399275999907,37.541163184892106,0.024921693844559945,3.616987224611204,1.2169131868338284e-07,0.015079520293393716,0.014107893822632299,0.9355664867411526,0.5134396817024837,0.0022957995120152183,0.0009716264707614429,480.53994188097454,481.2970147290239,37.541163184892106,0.0,0.0,3.554056999162833e-16,1.6068723451889997e-16,True,Convergence achieved,True,PASSED
501.727709251396,34.09616704813163,0.027844329977658993,2.883468807631579,1.3950629564300602e-07,0.04865180909573269,0.04611758956946928,0.9479110936804649,0.515460271953324,0.002113711860155621,0.002534219526263529,504.5303400888199,508.09363443288834,34.09616704813163,0.0,1.2097156789600276e-16,1.6781394350558798e-16,0.0,True,Convergence achieved,True,PASSED
509.5561312283204,52.440061291926426,0.02824358925110965,3.9978788077195113,1.4594778284929387e-07,0.1051472841594206,0.09691366986478833,0.9216944654305186,0.6497004771008336,0.003341057790755449,0.00823361429463262,514.535462904184,519.2082526858801,52.440061291926426,0.0,3.0697010995149567e-16,6.142659639582201e-16,3.0697010995149567e-16,True,Convergence achieved,True,PASSED
521.1480449093581,37.44803165165198,0.011824254513608622,3.6374396404795304,2.446432515665023e-07,0.38561742630930856,0.35461454637708584,0.9196019738294828,0.9055414068516885,0.009063872900005118,0.031002879932223292,528.943556491054,556.432861096901,37.44803165165198,0.0,5.102652816403737e-16,0.0,5.102652816403737e-16,True,Convergence achieved,True,PASSED
520.3213483856417,43.01809441027071,0.025900181809588158,3.175544569324329,1.6272181840252718e-07,0.2098033932748079,0.1920650617351467,0.9154525993942001,0.7431529327417183,0.003185069099086718,0.0177383315396614,526.8728471926496,556.2564317083325,43.01809441027071,0.0,1.398332884812587e-16,5.284131351783035e-16,1.398332884812587e-16,True,Convergence achieved,True,PASSED
477.74798159218653,69.91857154370543,0.011031809290343308,3.156678714986088,1.0464400980337795e-07,0.024073198872479985,0.020044702784886907,0.8326563865096411,0.8059333522414823,0.008296490378456572,0.004028496087592785,478.33002877011296,478.8582915814249,69.91857154370543,0.0,3.2681348812344623e-16,2.070616097684725e-16,4.902202321851693e-16,True,Convergence achieved,True,PASSED
504.28610610113014,38.267145771658925,0.013365641091998,3.405080516273068,2.1505225861038012e-07,0.12816924945187266,0.12036566197352873,0.939114978735412,0.8128552231058872,0.007564690335549831,0.007803587478343525,508.732674888346,511.8961766114728,38.267145771658925,0.0,4.288007884852944e-16,1.0074376483869482e-15,2.858671923235296e-16,True,Convergence achieved,True,PASSED
480.70978827968105,43.43600488756995,0.029715176469339504,2.5145099222392195,1.5089031137463189e-07,0.012727254235541257,0.01175594307660676,0.9236825837719077,0.5632228895907769,0.0027593599342602922,0.0009713111589345581,481.6808885464096,482.29379563566306,43.43600488756995,0.0,0.0,4.895697919098891e-16,2.051713498976677e-16,True,Convergence achieved,True,PASSED
464.8087313935925,39.69308615021681,0.016560022725170355,2.9567379430545717,1.6103560832836407e-07,0.007866298147717977,0.007233257726038766,0.9195249900535178,0.6987612514556805,0.004840424987950625,0.0006330404216796335,465.1433516170485,465.39675471174166,39.69308615021681,0.0,2.0724144863860202e-16,2.8036498686049026e-16,2.0724144863860202e-16,True,Convergence achieved,True,PASSED
516.2781545310322,52.00894758419045,0.014075287002813157,2.7352071126495168,1.7016682115335844e-07,0.25253817505586007,0.22905988991656934,0.9070307483844882,0.8618568111309154,0.007356961352010487,0.023478285139290393,524.6295890776215,539.8160023566617,52.00894758419045,0.0,3.452621320254586e-16,3.3661034825355563e-16,4.603495093672781e-16,True,Convergence achieved,True,PASSED
514.2986263384753,48.44356387216331,0.02190039321464228,3.958630261371471,8.951291356940141e-08,0.13114400437665422,0.12064216641905164,0.9199213261214746,0.6049734872553402,0.002417553957145465,0.010501837957601953,517.3324620054252,528.6990151079323,48.44356387216331,0.0,5.891573890101912e-16,1.9843812972691454e-16,7.855431853469217e-16,True,Convergence achieved,True,PASSED
522.7217701834215,59.4616557409196,0.023507501357404394,2.9841959344625604,8.173151423912404e-08,0.21371259042541982,0.1859024289039588,0.8698712066233363,0.7022735919629349,0.002396447389097799,0.027810161521461017,525.5424468805684,566.3658836533875,59.4616557409196,0.0,1.4700580285676721e-16,1.1822746716521527e-15,1.4700580285676721e-16,True,Convergence achieved,True,PASSED
496.30815893163424,62.096431223813795,0.029271968916866363,3.7211034129784983,2.187032084332601e-07,0.053482339978958446,0.048529026912136494,0.9073841371044978,0.7435094998201515,0.005780451126324089,0.004953313066821841,499.7922120851948,500.26851676712084,62.096431223813795,0.0,1.398916647231253e-16,1.5037654071661633e-16,1.398916647231253e-16,True,Convergence achieved,True,PASSED
506.4617483482828,52.61221493878954,0.022375128020920385,2.8234692028497053,1.4731473422187206e-07,0.08178963702202184,0.07434120445875088,0.9089318300646642,0.7038643691854818,0.004257636975611165,0.007448432563270913,510.7008522955924,514.5245204700703,52.61221493878954,0.0,0.0,4.199516188143527e-16,0.0,True,Convergence achieved,True,PASSED
473.729352613484,56.28033428835126,0.01610950060549191,2.7824324714467643,1.949900829514105e-07,0.016602968854045403,0.014778809995263088,0.8901305619002209,0.8090462399380787,0.008526395988072637,0.0018241588587820767,474.4952170312411,474.7194430449836,56.28033428835126,0.0,4.073046437130892e-16,5.85537507763925e-16,0.0,True,Convergence achieved,True,PASSED
506.30195121298266,61.01436216073672,0.023355403719529072,3.1256694582715325,5.333212715431017e-08,0.057110216321586874,0.05012419242632277,0.8776747078679321,0.46678319450519234,0.0017212135945213097,0.00698602389526365,507.97703643174657,513.1653935823381,61.01436216073672,0.0,4.596513776424105e-16,7.843036657652531e-16,6.12868503523214e-16,True,Convergence achieved,True,PASSED
510.0264488660789,58.546283753987105,0.025093451433217093,3.8533022845633638,5.067117712074557e-08,0.0779474720405245,0.06970077228083676,0.8942018317745986,0.4291955196770846,0.0014579517438443469,0.008246699759688248,511.9896414256154,518.8811152920424,58.546283753987105,0.0,3.3551133575428475e-16,6.965689395267428e-16,5.032670036314271e-16,True,Convergence achieved,True,PASSED
494.6272401608709,67.44308335994587,0.023801281743575126,3.7587828832840415,1.8755333810828117e-07,0.053471373053955974,0.04759593056232431,0.8901198500045563,0.7707602058057035,0.00662461749514154,0.005875442491630927,497.37855090398756,497.9940778171968,67.44308335994587,0.0,6.936746074137634e-16,7.381906632582101e-16,6.936746074137634e-16,True,Convergence achieved,True,PASSED
504.6454137806779,44.20251310492778,0.010157540458358443,2.876393204878952,1.1239517557156496e-07,0.10329177519972982,0.09367547825841512,0.9069016199719666,0.7730786760374477,0.005996305377006825,0.009616296941314648,507.33737533931674,511.84262051697823,44.20251310492778,0.0,0.0,5.753886265707809e-16,1.6550439356328271e-16,True,Convergence achieved,True,PASSED
486.8949474449005,64.11180200196439,0.02024073751211501,2.840713639574056,2.220511529537409e-07,0.03507859799633569,0.031178582028633165,0.8888206430567949,0.8160887911236592,0.008771763704389611,0.0039000159677017162,488.9142822690675,489.14361573166354,64.11180200196439,0.0,8.229166688078415e-16,8.111224730865337e-16,8.229166688078415e-16,True,Convergence achieved,True,PASSED
476.6267147948981,49.539218102091915,0.01612287401341945,3.872721535906074,1.6301375137730543e-07,0.020776158771261394,0.018850485820876315,0.9073133310355287,0.7551340597876269,0.006273835151467311,0.0019256729503852133,477.3517640653545,477.7659079669504,49.539218102091915,0.0,1.310688223637818e-16,6.768822449462096e-16,2.621376447275636e-16,True,Convergence achieved,True,PASSED
464.5812117986618,39.94025476849013,0.029411036953681628,3.93937259539259,1.851007802033087e-07,0.00650299161988275,0.006081160710850223,0.9351327921532853,0.5921529589971375,0.003154725601163082,0.0004218309090323677,464.9591826561766,465.1421931512906,39.94025476849013,0.0,1.4566717948976348e-16,1.4790901440511908e-16,2.9133435897952697e-16,True,Convergence achieved,True,PASSED
507.9477327976245,38.229966011188445,0.01121408202696957,3.6102806991568266,2.490415458243753e-07,0.21477275149066802,0.20237094920234922,0.9422561651688007,0.8684764387744045,0.010324456029032541,0.012401802288319403,514.1443910185077,518.3389386977015,38.229966011188445,0.0,5.348785219625773e-16,9.876951711584773e-16,5.348785219625773e-16,True,Convergence achieved,True,PASSED
493.2282317230696,30.334275340945748,0.028213116955341226,3.1324223421292303,2.49287956017094e-07,0.03609280565322981,0.03459520862269851,0.9585070486090899,0.6210386256829877,0.0033383185681353698,0.0014975970305310161,495.74202543819774,497.04274729119794,30.334275340945748,0.0,2.5408784363988877e-16,3.244617945959041e-16,2.5408784363988877e-16,True,Convergence achieved,True,PASSED
466.98610116789206,59.62517996948515,0.023605591503618795,2.652034931825205,1.4373122845702437e-07,0.006979133754847474,0.006117592733281946,0.8765547341792806,0.6845957759803959,0.004552435743401861,0.0008615410215654979,467.39159872527983,467.60693364453914,59.62517996948515,0.0,1.341900441332582e-16,8.095823627234341e-16,0.0,True,Convergence achieved,True,PASSED
489.0386780804699,35.78435732211808,0.015483468459345728,3.28566226869441,1.7368448839777517e-07,0.038140429136927306,0.03574092388056036,0.9370876177677104,0.7160302886999181,0.005004954759554168,0.002399505256365859,490.49483271635137,491.7507298636798,35.78435732211808,0.0,1.2003833261152854e-15,0.0,1.0803449935037569e-15,True,Convergence achieved,True,PASSED
501.54386295120577,52.17410851040064,0.014326788564203942,3.813873080224046,9.351720831544063e-08,0.07553001587357934,0.06765027421563803,0.8956740367812114,0.6913555639630053,0.004223684576072177,0.007879741657941594,503.47803776505197,506.7417018771529,52.17410851040064,0.0,2.9143791035983086e-16,3.056608379245912e-16,2.9143791035983086e-16,True,Convergence achieved,True,PASSED
508.4425484844638,31.448369207744385,0.010967541209354966,2.9727244621937206,2.355074067970396e-07,0.17530257038015584,0.1663056556266776,0.9486777932920876,0.8416454170469478,0.008161071213221632,0.008996914753478769,513.879733213535,520.0844119946553,31.448369207744385,0.0,6.283612941683304e-16,0.0,4.712709706262478e-16,True,Convergence achieved,True,PASSED
490.06437354722584,51.132317086606214,0.026613954426081853,3.062179905651098,1.3735480684624967e-07,0.026539599403348057,0.024144592134809063,0.909757218557093,0.6150085220182626,0.0032940904235580484,0.002395007268538611,491.6100680943535,492.7150862837959,51.132317086606214,0.0,2.647768434993764e-16,8.646678237641889e-16,3.971652652490646e-16,True,Convergence achieved,True,PASSED
487.88581866613436,37.136545082201124,0.01391309018382363,3.894458583915653,1.588759072548843e-07,0.041104501470025125,0.0383891034770422,0.9339391576135986,0.7267733091656708,0.005294519668621268,0.002715397992982936,489.1317139053263,490.3050024510479,37.136545082201124,0.0,0.0,3.1339655599214464e-16,1.525637384566513e-16,True,Convergence achieved,True,PASSED
507.64150385764844,46.87282615281482,0.019160868938228163,3.413676022889425,1.6192885090956164e-07,0.1107169546711601,0.10222103136294049,0.9232644780245848,0.7371226706509193,0.00486827174982551,0.008495923308219883,512.1874150381334,516.6263478738517,46.87282615281482,0.0,1.997954121221144e-16,3.5116761657950595e-16,3.995908242442288e-16,True,Convergence achieved,True,PASSED
477.62009175626946,46.01582478778074,0.0299001004819734,2.8985887791248643,1.1737293011834764e-07,0.010633201296310277,0.00974341579586233,0.9163200737338407,0.507963789100043,0.0022626508339498156,0.0008897855004485209,478.3041250264134,478.86997953298516,46.01582478778074,0.0,5.654641095942988e-16,3.12132090576862e-16,5.654641095942988e-16,True,Convergence achieved,True,PASSED
477.0527937140911,56.05902380448851,0.020297567140528237,3.1570081218210273,6.980635955849775e-08,0.011889614006079244,0.010388846679156327,0.873774932798019,0.5267415484068129,0.002415197911982761,0.0015007673269229736,477.4553054843562,478.16173023053886,56.05902380448851,0.0,1.7763852014437824e-16,0.0,0.0,True,Convergence achieved,True,PASSED
466.7119658743891,42.051121091941134,0.025482068859666654,3.019855935980798,2.48146697239572e-07,0.008022146447956763,0.007458692404179342,0.9297626829136929,0.7108405299235041,0.005135395388318213,0.0005634540437779702,467.2610889218456,467.3973929863239,42.051121091941134,0.0,5.473133677327198e-16,5.43714712889072e-16,5.473133677327198e-16,True,Convergence achieved,True,PASSED
504.1850656295091,34.28176098410932,0.02850016877422151,3.7437693699515675,9.702106862583896e-08,0.05897841416308833,0.05601793381614082,0.9498040022106894,0.414179324077554,0.0014453036051799936,0.0029604803469474245,506.64932149756737,511.2701761781437,34.28176098410932,0.0,1.4436981331349104e-16,6.170030214884042e-16,1.4436981331349104e-16,True,Convergence achieved,True,PASSED
499.4543281643137,55.45174909878571,0.02916136717643713,3.73348313704846,1.9910276779905897e-07,0.06025691917752527,0.05528973858905041,0.9175666353959963,0.7046436518480376,0.00470890944908552,0.004967180588474928,503.2161958832027,504.3212171321754,55.45174909878571,0.0,1.407904552502113e-16,6.033634547990037e-16,0.0,True,Convergence achieved,True,PASSED
464.28404631254745,69.46995711491591,0.02297140489601661,3.385986339733917,1.557110044477736e-07,0.007515522712477046,0.006473575127819584,0.8613605966584991,0.7400490612098959,0.005907980519281868,0.0010419475846572932,464.6477970515008,464.7790732280153,69.46995711491591,0.0,1.656074912111573e-16,5.86916099221492e-16,1.656074912111573e-16,True,Convergence achieved,True,PASSED
482.71448950674113,59.920085397201824,0.026199061082656606,3.16700228157898,6.181959122661179e-08,0.014135843400459452,0.012362619724670367,0.8745583390000076,0.44368476811057916,0.001769785456062494,0.0017732236757894624,483.2928414622908,484.2491105996896,59.920085397201824,0.0,4.138657866114827e-16,5.227224356846888e-16,2.7591052440765513e-16,True,Convergence achieved,True,PASSED
474.35572254713156,55.588864077889646,0.024413793250375952,3.888791782812631,1.676840770279004e-07,0.013934730694728083,0.012570076437058451,0.9020681283646376,0.6967795440979639,0.004786588381537436,0.0013646542576694364,475.03945890666387,475.32499612773745,55.588864077889646,0.0,1.7368668989357036e-16,8.932681387633909e-16,0.0,True,Convergence achieved,True,PASSED
504.8204060024607,35.69102348287422,0.019472110090008488,3.2912622716805564,2.1351601190766556e-07,0.0959818552619613,0.09084348987463954,0.946465242067922,0.730268752793979,0.004818698077233107,0.005138365387320784,509.24548174144866,512.9120494059027,35.69102348287422,0.0,9.557455984286936e-16,6.969330447973168e-16,9.557455984286936e-16,True,Convergence achieved,True,PASSED
493.96798825161085,64.74869382332224,0.011675341193456947,3.712464955534318,1.838401093125564e-07,0.0893297702295536,0.07900166303237327,0.8843822482623618,0.8714621196091609,0.012664615328500736,0.010328107197180855,496.49276078733993,497.2162933537701,64.74869382332224,0.0,5.251339202402509e-16,1.8860206593372707e-16,7.001785603203346e-16,True,Convergence achieved,True,PASSED
487.77755872359984,57.93538405432281,0.019233951684525442,3.0177480473851923,2.2926297904346606e-07,0.03912388527447341,0.035292212326973,0.9020630767977212,0.8138023041422864,0.008610900274034126,0.003831672947500915,489.88258082943355,490.1926698652151,57.93538405432281,0.0,5.435452349581249e-16,2.401548998009047e-16,5.435452349581249e-16,True,Convergence achieved,True,PASSED
481.64302908893626,40.23334787261034,0.02315370927875226,3.4419422724037254,1.4175617860415877e-07,0.018097484951224607,0.016826053298400537,0.9297453952165181,0.5935936160771573,0.0030830189770114083,0.0012714316528232375,482.50851528435084,483.2756226255325,40.23334787261034,0.0,6.655988849219718e-16,1.93378863515088e-16,8.319986061524648e-16,True,Convergence achieved,True,PASSED
509.0836361792691,53.873333279843195,0.026074219014536715,2.53410427981299,1.0655681698474474e-07,0.07223790639852239,0.06524390477875557,0.9031810033200245,0.6020888850591372,0.002694755905193772,0.006994001619766931,512.790211471207,518.668817949798,53.873333279843195,0.0,1.1756236413684642e-16,5.567049394456121e-16,1.1756236413684642e-16,True,Convergence achieved,True,PASSED
472.1837660670426,33.69948773962869,0.010484713756036233,3.578864375219506,1.7455199935780552e-07,0.01935276891742433,0.018075930394731408,0.9340229541239674,0.7762951315682225,0.007026583361395885,0.0012768385226931793,472.69553060839155,473.12731740981445,33.69948773962869,0.0,3.787925788834336e-16,4.2336622924997073e-16,3.787925788834336e-16,True,Convergence achieved,True,PASSED
463.6413012817465,64.2067802162244,0.020384416164366974,2.6608118339949356,2.15575948835691e-07,0.007932736394455204,0.006943739182119526,0.8753271049032498,0.806847336305835,0.008513146648987318,0.000988997212336144,464.1024076783492,464.165025468583,64.2067802162244,0.0,6.230736439403867e-16,1.1708337207086635e-16,6.230736439403867e-16,True,Convergence achieved,True,PASSED
518.8993620658969,65.78565724373551,0.013343144371872501,3.7606229115162817,2.2585956473243833e-07,0.5723040432537493,0.5098228298434946,0.89082514068042,0.9486325113195784,0.012657582645271318,0.06248121341025496,530.7900101434077,561.473550721614,65.78565724373551,0.0,3.0946095218339524e-16,6.583184955571538e-16,3.0946095218339524e-16,True,Convergence achieved,True,PASSED
495.4325377619603,39.676256441992415,0.0169450655687079,3.630824100703811,1.9026803726965942e-07,0.06004246371551293,0.05616306867257245,0.9353891429019123,0.7416411374335158,0.005540937798123887,0.0038793950429400967,497.79847404255304,499.40709298636904,39.676256441992415,0.0,3.555548036110065e-16,2.611379997116611e-16,2.37036535740671e-16,True,Convergence achieved,True,PASSED
466.5285147390481,68.39030108958261,0.014446141261853482,3.390193089619445,2.081802950351273e-07,0.014714584882419678,0.012778244516311738,0.8684067283188448,0.860565333685818,0.012351436971503801,0.0019363403661076311,467.05829628234846,467.12974842734775,68.39030108958261,0.0,3.9538781733764227e-16,4.665077261213167e-16,2.635918782250949e-16,True,Convergence achieved,True,PASSED
492.74237285888063,59.180632825498634,0.012608636991617251,3.849391786576817,1.2355551819767258e-07,0.060008632250229205,0.05290647003321141,0.8816476571670206,0.7888317648341043,0.007225490127463858,0.0071021622170172475,494.3146774050087,495.6420431682484,59.180632825498634,0.0,6.671897828430463e-16,0.0,6.671897828430463e-16,True,Convergence achieved,True,PASSED
495.79640583191525,69.96857691443952,0.021833959136904994,3.6881728031511365,2.0688010833203602e-07,0.06560793709655048,0.05824463277404878,0.8877680864791445,0.8094743089193647,0.008252033603294642,0.0073633043225017885,499.0853075373355,499.5021000514541,69.96857691443952,0.0,0.0,2.019854603403951e-16,0.0,True,Convergence achieved,True,PASSED
468.3474839969658,66.93351581271934,0.01735995314443819,3.3170542325541983,1.9154703914622928e-07,0.013129465800529873,0.011431081454659589,0.8706433017402685,0.8206724331452048,0.009257141409219159,0.0016983843458706553,468.9005501499658,469.0151984209149,66.93351581271934,0.0,4.313891438512385e-16,5.202075258432663e-16,4.313891438512385e-16,True,Convergence achieved,True,PASSED
518.7461611159017,66.7061431905539,0.01901100124162521,3.0516245525464156,2.1918473320287694e-07,0.4217819686172718,0.37076117674035214,0.8790351516349056,0.9146623758479078,0.008698546157264274,0.05102079187691919,533.5267853384635,562.3122965921124,66.7061431905539,0.0,5.545563964109327e-16,0.0,5.545563964109327e-16,True,Convergence achieved,True,PASSED
502.45392667312785,41.227310965390544,0.02666867007000654,3.1209726174340067,2.2157114329018516e-07,0.06901062773004137,0.06487388799749264,0.9400564830574902,0.6902604302356905,0.004235845669789166,0.004136739732548989,506.980806575616,509.139952162104,41.227310965390544,0.0,2.6805790932035806e-16,3.435568871357151e-16,2.6805790932035806e-16,True,Convergence achieved,True,PASSED
479.6478764124331,47.63197409081309,0.021998778343349023,3.3630384556547743,1.244900991216718e-07,0.016134943132447833,0.014675556587224362,0.9095511813556687,0.6160270977632097,0.0033750635123462156,0.0014593865452233632,480.3712274803539,481.0319188306983,47.63197409081309,0.0,0.0,4.0921249938321997e-16,0.0,True,Convergence achieved,True,PASSED
490.58607701340173,32.997411220530125,0.01993976254414647,2.573756811284397,1.0800025692147993e-07,0.02529245505426187,0.023741521106356734,0.9386799761202684,0.516754806907165,0.002225617816674392,0.0015509339479043243,491.7077086777401,493.6440528870611,32.997411220530125,0.0,7.772760362919896e-16,1.2080022990270026e-16,9.327312435503875e-16,True,Convergence achieved,True,PASSED
477.8001333185367,68.42984484700465,0.028957169689760247,3.1165095355801746,1.5304102270621025e-07,0.013600585538313987,0.011878000151448156,0.8733447628403107,0.6848925852096572,0.004530522958255895,0.001722585386865795,478.6595491575831,478.96618252818485,68.42984484700465,0.0,0.0,1.5825768410267405e-16,0.0,True,Convergence achieved,True,PASSED
490.92029371831796,35.51858933464837,0.013516875900259968,2.833685008694896,1.965725438411486e-07,0.046281019755162606,0.043350849621001136,0.9366874336463794,0.7682537674868405,0.006420264604156375,0.002930170134161997,492.7604122458886,494.0802887489607,35.51858933464837,0.0,4.920059511647569e-16,1.736276084515685e-16,4.920059511647569e-16,True,Convergence achieved,True,PASSED
505.8127158130616,69.43025179397245,0.02103718291662269,3.4442172238870494,1.8264605423599536e-07,0.11499849967550091,0.10203580088291284,0.8872794094778091,0.8034884180310865,0.007431028426680275,0.012962698792588483,511.4262357411902,513.002826708379,69.43025179397245,0.0,3.66469597244678e-16,2.1280283641987627e-16,5.49704395867017e-16,True,Convergence achieved,True,PASSED
497.63483369661515,40.002404366300894,0.01951572209939013,2.5773443975182073,7.220446918500029e-08,0.035143828780479384,0.03232342334030756,0.919746779504627,0.47344914316958714,0.0018353205849787845,0.0028204054401714117,498.8863470738122,502.15856805400875,40.002404366300894,0.0,4.769772245493446e-16,2.467538421892128e-16,4.769772245493446e-16,True,Convergence achieved,True,PASSED
520.4633185056443,46.142252113803515,0.016488676644912232,2.912993739128582,2.4855638424557127e-07,0.3468378021277389,0.31256139417440776,0.9011745324671747,0.8971435882538139,0.007954191696974165,0.03427640795333136,531.7771621776152,560.2868424761833,46.142252113803515,0.0,4.116741595943129e-16,5.652935728141518e-16,2.0583707979715644e-16,True,Convergence achieved,True,PASSED
472.9187664233728,58.980814772427436,0.023405665558718914,2.7449577017553013,1.8295256409136115e-07,0.011447888026696305,0.010166938105500291,0.8881060053864319,0.737173952459426,0.005775692113762485,0.0012809499211958698,473.62817042026825,473.8440937001642,58.980814772427436,0.0,2.7755955178788126e-16,2.022322978677536e-16,1.3877977589394063e-16,True,Convergence achieved,True,PASSED
509.9320640415029,54.572282041764375,0.016398487999541387,3.803254831957685,9.452414503651514e-08,0.11626132565358664,0.1043809072343097,0.8978128078921462,0.6931039120965072,0.0038678497951689203,0.011880418419276794,513.0113951666876,519.3538320192794,54.572282041764375,0.0,2.5405753622922607e-16,5.344002386470698e-16,1.2702876811461303e-16,True,Convergence achieved,True,PASSED
503.2458523404761,31.856351789366514,0.02502187951150313,3.7470520003106835,1.297993116634841e-07,0.06311229375067921,0.06017065905797126,0.9533904645530944,0.5109149708958158,0.002046901957601371,0.002941634692707791,505.7752316693554,510.10158696667446,31.856351789366514,0.0,1.6455243785415616e-16,3.5132138617881463e-16,1.6455243785415616e-16,True,Convergence achieved,True,PASSED
498.65831837727126,39.370053108229484,0.021576690144394346,2.624931221396273,1.93892106304912e-07,0.05203348073044594,0.04867574563930629,0.935469719803421,0.6961278464463294,0.004378242313302783,0.0033577350911389195,501.7589501572726,503.8533816019425,39.370053108229484,0.0,7.28593362382679e-16,1.110266595092149e-16,7.28593362382679e-16,True,Convergence achieved,True,PASSED
487.3866191711273,34.174861290789686,0.02202932497898238,2.7067785465888243,2.0434259840036062e-07,0.025765661541075763,0.024325721313173537,0.9441139818744131,0.6604374267621863,0.003954033141713948,0.001439940227902302,488.9488710556606,489.9531001605019,34.174861290789686,0.0,1.4594718111312415e-16,6.47029723050163e-16,1.4594718111312415e-16,True,Convergence achieved,True,PASSED
463.2428747258267,68.58162734305594,0.023696574150879772,3.6040029699817793,6.562991261369093e-08,0.0051660083039710225,0.004348147693840595,0.8416842246455662,0.5176208119535414,0.0023840578377604085,0.0008178606101306512,463.41310051698935,463.67585404614294,68.58162734305594,0.0,1.685195502236305e-16,1.8703597264181218e-16,1.685195502236305e-16,True,Convergence achieved,True,PASSED
488.43331149227714,37.27532310853905,0.011108873453289344,3.4788114102381473,1.4820048365341537e-07,0.045544179008574666,0.04225860628838657,0.9278596564542428,0.759592350690374,0.0061989066428929296,0.0032855727201880347,489.6697182185608,490.96980011785087,37.27532310853905,0.0,0.0,0.0,1.7484894689101783e-16,True,Convergence achieved,True,PASSED
476.02266898742135,31.081361558947954,0.023266031783588707,2.6387871654182007,1.6550235109233035e-07,0.011177452064171076,0.010575689720123552,0.9461628338378893,0.5635300181908764,0.0027680827185259877,0.0006017623440478217,476.69127479174523,477.2887785774389,31.081361558947954,0.0,2.71309245111003e-16,4.112635511746629e-16,4.069638676665045e-16,True,Convergence achieved,True,PASSED
500.14197559810003,41.56981669959906,0.019918125935196502,3.7391799725037558,1.4697532652376578e-07,0.06466567740366148,0.060244421900809954,0.9316290236124318,0.6653276785059669,0.0038083617537688135,0.004421255502851864,502.66069487804424,505.3621726277565,41.56981669959906,0.0,4.127480056069983e-16,2.2076926419277014e-16,4.127480056069983e-16,True,Convergence achieved,True,PASSED
512.9788993669649,48.87301374682044,0.017661070929254494,3.4821151337794887,2.3770829642026555e-07,0.24297962019134306,0.2255505201117487,0.928269292437496,0.8478461240375702,0.007916465339188564,0.017429100079593477,522.8695574172438,529.3809512707849,48.87301374682044,0.0,8.804936434198914e-16,5.057234523226136e-16,8.804936434198914e-16,True,Convergence achieved,True,PASSED
500.4073452728828,38.57290032502816,0.02131623608875271,3.6519600946045556,1.7851126491355688e-07,0.06689464361546234,0.06292124370110257,0.9406021214912152,0.6775039784553403,0.00400790749281653,0.003973399914359683,503.38825333239043,505.9435820248574,38.57290032502816,0.0,1.8928914916822e-16,4.1465765071831485e-16,0.0,True,Convergence achieved,True,PASSED
501.11553568956725,43.172796104090345,0.028892338384899907,3.658612039439662,6.70591853503583e-08,0.04409889770967014,0.04097357345237386,0.9291291977892032,0.3676661931750963,0.0012450524951896473,0.0031253242572961896,502.92033908908843,506.4104035883456,43.172796104090345,0.0,0.0,1.5290361186895042e-16,0.0,True,Convergence achieved,True,PASSED
512.8176440078676,31.76798899817286,0.02178919123068175,2.579131845517184,1.853694341393179e-07,0.12087465393968827,0.11468545404007444,0.9487965450333161,0.6986660381911266,0.0032451226662947074,0.006189199899614346,517.7269833046036,530.4933899506154,31.76798899817286,0.0,5.698976130231145e-16,8.838596041744194e-16,5.698976130231145e-16,True,Convergence achieved,True,PASSED
515.905601421349,60.21170326105828,0.015713189996404996,3.1340658446186582,6.25757088247242e-08,0.13323755088101427,0.11673686355150663,0.8761558793268184,0.664980072373734,0.0028997057138024983,0.016500687329507477,518.3678222599689,531.6228861783934,60.21170326105828,0.0,2.2819876401719273e-16,4.368742240863017e-16,0.0,True,Convergence achieved,True,PASSED
489.72863008544215,62.04883880538734,0.016973049534486563,3.64294382957198,1.2151812938501108e-07,0.03902684623461208,0.03424430852922825,0.8774551836283895,0.736059042106728,0.005546005617051378,0.004782537705383582,491.0558920371968,492.1176390705249,62.04883880538734,0.0,3.5589760884315127e-16,6.513003868906149e-16,2.3726507256210086e-16,True,Convergence achieved,True,PASSED
483.5443479274083,67.36036950390746,0.020579000897760175,2.808318685261285,2.2198409040180916e-07,0.028554916972578625,0.025164737734807815,0.8812751148593458,0.8201409265079014,0.009073545128160335,0.003390179237770249,485.20865311636214,485.3570551098252,67.36036950390746,0.0,6.420505893503237e-16,4.572490954961456e-16,6.420505893503237e-16,True,Convergence achieved,True,PASSED
499.24347956254934,61.58882255089752,0.010529533541174483,2.9254417470511287,1.0033532943651836e-07,0.07789143119136852,0.06703701395969737,0.8606468379685602,0.796399968173266,0.007253994669836734,0.01085441723167158,501.212674561524,503.6696959226208,61.58882255089752,0.0,4.850325937203948e-16,2.2106409249557473e-16,4.850325937203948e-16,True,Convergence achieved,True,PASSED
497.47591049439126,54.48768761863776,0.013722852181367394,2.6119589967028816,2.4540333766507814e-07,0.09032376985791736,0.08203547383186388,0.9082379307341678,0.8680195679622507,0.011995596728065048,0.00828829602605328,501.6055001140997,502.20749670423095,54.48768761863776,0.0,2.2829620194968035e-16,1.7480841179962039e-16,2.2829620194968035e-16,True,Convergence achieved,True,PASSED
465.5057997278946,61.70886069492146,0.01884084624045693,2.8205826585055633,2.0170200698508136e-07,0.00934404770259588,0.008213171345506247,0.8789736104647933,0.8026579554344613,0.008281584793464502,0.0011308763570899625,465.9884879044662,466.0885230441953,61.70886069492146,0.0,5.276557919719067e-16,1.2471555368905608e-16,5.276557919719067e-16,True,Convergence achieved,True,PASSED
484.02232522840586,67.81947679689779,0.016709338657711993,2.668299855567324,9.111673891591643e-08,0.021210976093214654,0.017851308099607558,0.8416071010196718,0.6944234396577479,0.004620373843853037,0.0033596679936066334,484.7791698968908,485.6839841256383,67.81947679689779,0.0,3.8083409563537556e-16,7.136268715091694e-16,5.712511434530633e-16,True,Convergence achieved,True,PASSED
520.8961154232037,47.30040855448219,0.013021264516747818,3.0050241354825435,2.2446140867237246e-07,0.3881493523840377,0.3483664452163814,0.8975061869269981,0.9155447501726806,0.009280905122515098,0.03978290716765631,530.5193709793987,561.2641106495868,47.30040855448219,0.0,1.333896830975851e-16,7.102222256257016e-16,1.333896830975851e-16,True,Convergence achieved,True,PASSED
492.165618050599,63.12353400823553,0.012661251710192745,3.7646894066307555,2.462821797324938e-07,0.09067022121282926,0.08149449534120011,0.8988011085790635,0.8908218240923401,0.015259045082134465,0.009175725871629424,495.103709618717,495.29827784436554,63.12353400823553,0.0,3.264060599461279e-16,3.4680795645051427e-16,3.264060599461279e-16,True,Convergence achieved,True,PASSED
467.02909904297655,66.445013792846,0.010189134998629857,2.6729649877726045,5.387761800527445e-08,0.008814199318860187,0.007020757359115372,0.7965280912235745,0.6778193905738541,0.004403915599066108,0.0017934419597442335,467.1871296812358,467.5993837566389,66.445013792846,0.0,6.253306675774534e-16,4.678928982893597e-16,4.6899800068309e-16,True,Convergence achieved,True,PASSED
477.5052770608842,49.47651617556114,0.023013401875100203,3.494314715071263,2.05700068421122e-07,0.017593510240243117,0.016122716164003195,0.9164013288902442,0.7293948911451853,0.005538965099082994,0.0014707940762402323,478.45836783684916,478.7607373869984,49.47651617556114,0.0,3.3877621774369624e-16,5.817041314839679e-16,5.081643266155443e-16,True,Convergence achieved,True,PASSED
471.89240836879213,47.410038252553115,0.022269365853830436,2.8432674852517548,2.265661125654955e-07,0.01177688036109079,0.010793205745147015,0.9164740928171379,0.7461287934719604,0.006043073658732841,0.0009836746159441747,472.62984466019685,472.82054558517206,47.410038252553115,0.0,4.490702412600004e-16,4.211776238330132e-16,4.490702412600004e-16,True,Convergence achieved,True,PASSED
502.83818717947725,67.5744335044536,0.01027506712555007,3.908840816305141,1.4765200999800713e-07,0.154430044327977,0.1352246389492573,0.8756368589914307,0.8721234825196384,0.011976379149054327,0.019205405378719814,506.36815520463654,508.3231923407068,67.5744335044536,0.0,0.0,2.1201986446608264e-16,0.0,True,Convergence achieved,True,PASSED
465.40931574063904,55.25218060851727,0.018674020835156853,3.4893608234074365,1.8403690305637413e-07,0.009671773542567355,0.00864802355144941,0.8941507484007327,0.7687175733622599,0.006829691166353024,0.0010237499911183953,465.82960666169356,465.97765558887113,55.25218060851727,0.0,4.17039248335509e-16,3.5855212697229277e-16,2.085196241677545e-16,True,Convergence achieved,True,PASSED
498.0762354239758,43.76322029919519,0.024320873255665832,3.277485347373377,1.8640991115006463e-07,0.05268922758719323,0.049071380689317226,0.9313361181488388,0.6807995564823577,0.0041673420916087936,0.0036178468978759733,501.0413050224387,502.7840736093452,43.76322029919519,0.0,0.0,1.8617821354721759e-16,0.0,True,Convergence achieved,True,PASSED
494.00263336958244,43.74768060490463,0.022786967807697792,3.3402254182237963,6.604406801804245e-08,0.030098677961601372,0.027603071486764975,0.9170858441683053,0.42410307961568355,0.0015803946880900842,0.0024956064748361943,495.0463965882886,497.3641113247143,43.74768060490463,0.0,3.304121455545582e-16,5.935146958978452e-16,3.304121455545582e-16,True,Convergence achieved,True,PASSED
486.7419259349825,60.43759647522299,0.02001908931639903,2.7547399548904967,2.0328447748801162e-07,0.03200409636811926,0.02854200182650827,0.891823393424726,0.7942094820090259,0.007654747424603905,0.0034620945416112157,488.56287380911255,488.95364378773763,60.43759647522299,0.0,1.6268061556129416e-16,5.905479944576504e-16,1.6268061556129416e-16,True,Convergence achieved,True,PASSED
503.67708587539255,37.66771828288544,0.014553682806070889,3.359059868648311,2.0367558415368786e-07,0.1099095454554889,0.10326574808154908,0.9395521349268946,0.785344339876064,0.006489401839296723,0.006643797373939741,507.7268683860835,510.9345908640156,37.66771828288544,0.0,1.2989432963624688e-16,6.187175446254443e-16,0.0,True,Convergence achieved,True,PASSED
499.28614626500956,33.23152855860745,0.016721285963512113,3.680137375183275,2.0635055790030034e-07,0.0763379050032902,0.07245768414566943,0.9491704565712981,0.7302034011041808,0.005084964538896313,0.0038802208576208625,502.2027865628979,504.6472436249024,33.23152855860745,0.0,0.0,6.596676036703814e-16,1.2138337017324793e-16,True,Convergence achieved,True,PASSED
467.15445516472414,39.51617997726765,0.026848553232851118,2.8845951488898445,7.08403245511207e-08,0.00525117534555697,0.004838679393744893,0.9214469286079018,0.35990932171717355,0.0013078802273907577,0.0004124959518119532,467.4195216918653,467.81474064478437,39.51617997726765,0.0,1.2549462797867924e-16,1.7402043822610834e-16,1.2549462797867924e-16,True,Convergence achieved,True,PASSED
483.2869901766477,43.87597061507382,0.016670769703251927,3.06906625663828,9.656380093474574e-08,0.020304753447478795,0.01842209572168314,0.9072799514327478,0.604143352065847,0.003177207434979927,0.001882657725796384,483.98296613920036,485.05117478248513,43.87597061507382,0.0,8.468360953146113e-16,1.3796314978259842e-16,8.468360953146113e-16,True,Convergence achieved,True,PASSED
522.3479456982188,54.311442481562906,0.02445685120510733,3.5181407067516983,8.997502610350916e-08,0.22572032102380793,0.2008610114688543,0.889866763248435,0.6852223127816156,0.0023461896765411064,0.024859309554954374,525.488625684875,563.399824376637,54.311442481562906,0.0,8.011788482128742e-16,1.8218233208815649e-16,8.011788482128742e-16,True,Convergence achieved,True,PASSED
500.87396709397916,66.54044316339788,0.014188509987750453,2.6884803244840416,1.71285069882704e-07,0.09367510308397606,0.08200803630987381,0.8754517861203384,0.8450211328518492,0.009884889364634481,0.011667066774102411,504.70640474711,506.0897011837778,66.54044316339788,0.0,1.1274075669476764e-16,8.386950476671555e-16,1.1274075669476764e-16,True,Convergence achieved,True,PASSED
474.4661814506977,47.09611128809948,0.01736895782662376,3.0134604766161224,1.1921948897070108e-07,0.012769650748578895,0.011499322882183995,0.9005197642906116,0.659954266681839,0.004049272625403106,0.0012703278663952287,474.96834968526406,475.48458334778184,47.09611128809948,0.0,4.0084409083077375e-16,0.0,4.0084409083077375e-16,True,Convergence achieved,True,PASSED
516.0521357319714,50.320600562624,0.022288609749927166,2.919979296588153,1.455990701789479e-07,0.16944487400981761,0.15509972938349734,0.9153403446982448,0.7578973761908089,0.003924675418952623,0.014345144626320526,522.0190829094187,537.1663090019599,50.320600562624,0.0,3.0509216085838376e-16,6.269061452898692e-16,3.0509216085838376e-16,True,Convergence achieved,True,PASSED
510.7690479413435,57.35923107658884,0.016877643051390587,3.2255121504349162,2.1711697004013406e-07,0.20263837150675712,0.18464101265651822,0.9111848426513905,0.8498762289933564,0.008932064964357311,0.017997358850238593,519.6259304146558,522.9885009449675,57.35923107658884,0.0,2.1715399191301029e-16,1.3464775935426564e-16,2.1715399191301029e-16,True,Convergence achieved,True,PASSED
479.3009098589777,52.14660234279392,0.019636156167551818,3.790667446756386,6.036895582959825e-08,0.014655733339269237,0.012998768110522604,0.8869408176043984,0.4772808872448285,0.0020083046782253754,0.0016569652287456267,479.7027716910698,480.5618888493266,52.14660234279392,0.0,1.058058819477486e-15,5.582440740787483e-16,1.058058819477486e-15,True,Convergence achieved,True,PASSED
484.50908506768667,54.804224568112005,0.01477230661865516,3.1646651268551578,1.6023954334804014e-07,0.03262013484850988,0.029130381239091344,0.8930184186661094,0.7892033635189365,0.00742357658690907,0.0034897536094183126,485.7290795816695,486.3747586468202,54.804224568112005,0.0,2.4452993535938655e-16,3.090752740747452e-16,2.4452993535938655e-16,True,Convergence achieved,True,PASSED
469.4844309253003,63.87949376610165,0.011639199141595608,3.453437549020744,5.106678486542536e-08,0.010461746211644368,0.008577023283183811,0.8198462388273883,0.6231633852283212,0.003514163752456165,0.001884722928461164,469.6598841487372,470.13834166239417,63.87949376610165,0.0,6.637469271810929e-16,1.9219890840918918e-16,6.637469271810929e-16,True,Convergence achieved,True,PASSED
477.361851164773,49.398448610475384,0.026506992510096236,3.48413698685631,7.912864525480456e-08,0.01128835994640814,0.010206894222048834,0.9041963819816116,0.4529208323067647,0.0018479624351355475,0.0010814657243598098,477.85699540140286,478.52071090134916,49.398448610475384,0.0,4.401897554560011e-16,3.369096428501249e-16,4.401897554560011e-16,True,Convergence achieved,True,PASSED
479.80392822727003,50.01750852870357,0.024000551094211762,3.3731839121973204,1.1899375370368058e-07,0.015324221066819188,0.013877320521681114,0.9055808096979805,0.5942452744567991,0.003105462129690036,0.0014469005451382333,480.5296809283571,481.18124030349145,50.01750852870357,0.0,1.5804355423910192e-16,1.874117253644211e-16,0.0,True,Convergence achieved,True,PASSED
